index,price
0,108.25645
1,144.82214
2,61.137863
3,56.96979
4,200.40489
5,107.25909
6,67.93797
7,115.190216
8,113.21156
9,107.90212
10,146.81769
11,62.097034
12,57.243874
13,212.31708
14,110.794525
15,70.73177
16,121.70034
17,125.94579
18,159.94238
19,116.331474
20,159.52893
21,187.12436
22,155.39915
23,117.805214
24,94.52399
25,117.569786
26,84.31421
27,273.16055
28,162.40572
29,116.89316
30,162.12164
31,188.79517
32,159.07114
33,119.23741
34,94.29323
35,119.04787
36,87.04775
37,85.04434
38,349.4625
39,340.4711
40,360.144
41,145.09282
42,223.10555
43,92.984955
44,189.45543
45,92.85754
46,348.13574
47,194.88486
48,365.1656
49,131.09708
50,71.515335
51,67.482834
52,137.9391
53,149.98769
54,103.63047
55,130.52844
56,128.5411
57,138.44888
58,165.81158
59,134.94295
60,243.91943
61,85.42886
62,67.6758
63,145.2539
64,213.59433
65,69.858406
66,149.18333
67,104.11018
68,131.91309
69,130.07877
70,138.60385
71,172.74742
72,134.78572
73,245.14453
74,84.78993
75,66.9235
76,144.58907
77,212.45276
78,69.40662
79,148.51729
80,170.40805
81,204.48477
82,273.01407
83,67.08653
84,145.70801
85,133.46202
86,209.74245
87,201.49644
88,111.39907
89,174.52174
90,70.099785
91,107.04793
92,139.48743
93,137.38792
94,145.14757
95,175.20297
96,140.24655
97,253.06508
98,85.15673
99,67.09652
100,149.68887
101,219.39816
102,70.57445
103,151.46986
104,107.48958
105,140.40129
106,138.69571
107,145.4194
108,190.37604
109,142.686
110,276.30933
111,85.20853
112,67.17685
113,150.43881
114,238.13982
115,70.9158
116,149.29396
117,179.09105
118,218.18817
119,314.86295
120,60.91967
121,145.33228
122,131.96144
123,208.85764
124,249.19597
125,111.504845
126,189.93701
127,70.29766
128,156.00533
129,159.18459
130,103.4304
131,120.7805
132,210.55074
133,358.6357
134,101.67252
135,120.395935
136,200.17459
137,343.8096
138,139.53061
139,76.795044
140,73.5759
141,142.3639
142,77.85963
143,75.30699
144,107.89882
145,148.65587
146,79.58795
147,99.839905
148,81.670296
149,111.72247
150,118.402794
151,147.21878
152,105.586586
153,127.4732
154,177.37407
155,116.35315
156,129.94255
157,81.15813
158,126.361176
159,196.96565
160,167.91702
161,252.19193
162,270.66254
163,171.03995
164,176.26447
165,170.04456
166,109.6644
167,122.85733
168,76.29218
169,121.09146
170,182.60577
171,167.04393
172,249.49686
173,254.29683
174,168.73387
175,168.38632
176,276.08615
177,274.18082
178,293.78906
179,127.907166
180,196.33684
181,82.99959
182,177.08014
183,84.06035
184,272.73096
185,173.88867
186,298.79858
187,303.36224
188,280.74814
189,315.8843
190,131.83855
191,193.62927
192,83.85646
193,180.03448
194,84.13292
195,284.7764
196,180.51823
197,325.03723
198,315.1846
199,292.93436
200,332.59555
201,131.78032
202,196.34785
203,83.936005
204,179.83084
205,83.5651
206,311.52686
207,181.42284
208,337.64102
209,287.47504
210,296.7211
211,310.95282
212,138.52525
213,209.57318
214,88.554756
215,193.15045
216,91.73257
217,306.68845
218,190.41191
219,336.52045
220,271.48828
221,85.52955
222,298.9704
223,410.61047
224,385.92242
225,394.2925
226,152.89
227,153.76534
228,435.7175
229,355.8208
230,244.06432
231,83.35217
232,86.823784
233,118.7842
234,93.37416
235,164.8149
236,88.88836
237,82.11272
238,99.43342
239,92.7365
240,187.26543
241,86.41529
242,117.39778
243,93.55477
244,165.98665
245,88.925026
246,80.59482
247,100.10275
248,96.96046
249,184.46855
250,98.49789
251,317.6366
252,109.369484
253,223.14764
254,108.219
255,146.42467
256,61.35976
257,57.173126
258,207.41068
259,107.34743
260,68.338844
261,115.01114
262,118.17597
263,107.81498
264,146.91263
265,62.04432
266,57.190155
267,212.40514
268,110.86325
269,70.65777
270,121.98437
271,126.162
272,109.11395
273,148.59758
274,62.35225
275,58.131245
276,231.15765
277,111.14226
278,72.45261
279,130.03093
280,129.82622
281,57.977425
282,265.62515
283,116.64637
284,190.02571
285,158.57793
286,162.30128
287,136.36456
288,120.369675
289,184.73303
290,307.34875
291,78.62615
292,199.24791
293,159.33171
294,162.69492
295,139.78914
296,124.66085
297,187.66124
298,311.90637
299,77.36053
300,344.65994
301,363.62198
302,217.40755
303,368.55228
304,155.72153
305,327.4467
306,212.09015
307,157.7932
308,80.77731
309,94.93057
310,70.20154
311,49.913586
312,90.87124
313,95.10787
314,94.93755
315,68.75215
316,49.175713
317,91.53232
318,96.01189
319,104.69781
320,70.85531
321,51.04322
322,96.68588
323,104.62008
324,268.70084
325,160.22215
326,113.93718
327,160.38362
328,183.60117
329,160.11598
330,116.16243
331,95.82584
332,116.26667
333,85.81857
334,83.3071
335,85.87271
336,120.74258
337,97.08097
338,174.40257
339,96.74724
340,91.79639
341,100.49239
342,96.7704
343,187.89238
344,109.96194
345,155.83069
346,64.17
347,57.868633
348,240.0699
349,112.208206
350,71.588234
351,128.41888
352,127.916954
353,94.36552
354,67.677986
355,145.7145
356,47.283405
357,114.47269
358,150.55612
359,64.50872
360,60.445526
361,216.62582
362,113.1848
363,71.00415
364,123.676025
365,121.641945
366,100.37961
367,317.467
368,112.92716
369,223.15889
370,82.95458
371,81.56995
372,118.42482
373,64.17964
374,65.10117
375,86.82308
376,81.70272
377,88.95944
378,61.66424
379,63.702682
380,177.15816
381,231.41522
382,309.06833
383,67.86427
384,146.231
385,136.40584
386,212.41772
387,240.37247
388,111.414986
389,193.5597
390,70.8418
391,107.17356
392,147.39148
393,78.395325
394,100.57162
395,81.617775
396,107.86309
397,116.11629
398,145.76183
399,105.57998
400,127.46591
401,138.55089
402,421.2136
403,154.95229
404,163.3568
405,84.09947
406,298.6357
407,428.08832
408,237.36926
409,221.5742
410,416.5928
411,415.29456
412,244.52321
413,401.6927
414,428.11447
415,173.52574
416,140.06523
417,145.80537
418,111.41875
419,114.07675
420,163.21402
421,243.28711
422,75.212296
423,273.20697
424,282.40707
425,281.83847
426,127.67444
427,198.43202
428,85.212204
429,184.27739
430,89.43785
431,276.2376
432,175.15599
433,293.8157
434,83.06268
435,81.244896
436,117.022835
437,64.28999
438,86.160515
439,81.423164
440,88.44613
441,63.449154
442,183.6692
443,219.76088
444,309.61295
445,60.074097
446,148.34903
447,134.95503
448,215.2517
449,255.04137
450,114.15418
451,192.77448
452,72.03614
453,85.121666
454,49.035564
455,190.84108
456,234.0521
457,321.5374
458,65.00344
459,154.44983
460,138.87228
461,220.244
462,258.9821
463,118.1348
464,197.71596
465,74.64507
466,79.69637
467,42.27893
468,44.32253
469,89.85935
470,65.20725
471,152.4902
472,47.16517
473,83.19244
474,81.19333
475,117.923096
476,63.995167
477,63.150333
478,85.507614
479,81.78199
480,88.9701
481,61.683083
482,63.8442
483,305.63794
484,292.4801
485,323.44537
486,135.74997
487,200.50592
488,85.304405
489,184.08621
490,87.35393
491,293.67953
492,182.80873
493,344.81735
494,173.59839
495,117.20876
496,132.87117
497,79.27419
498,124.502174
499,182.5086
500,171.85297
501,252.04608
502,265.11435
503,171.5908
504,172.46852
505,146.38261
506,152.76299
507,92.83426
508,64.080284
509,46.553314
510,86.59256
511,93.16851
512,178.80132
513,147.78453
514,151.51465
515,119.69675
516,112.772934
517,173.24017
518,262.31754
519,71.912895
520,271.27158
521,83.89027
522,306.36346
523,422.00128
524,387.71414
525,401.20206
526,153.33646
527,156.38889
528,445.99878
529,354.30945
530,251.06429
531,86.8207
532,122.13412
533,132.38498
534,193.70412
535,115.48714
536,214.79718
537,173.61766
538,82.88981
539,189.5402
540,317.7328
541,294.4068
542,334.6671
543,133.4204
544,197.94379
545,84.97985
546,182.2906
547,85.25744
548,315.03586
549,182.79465
550,344.424
551,176.7967
552,201.1374
553,295.3421
554,67.056915
555,143.18684
556,133.65526
557,209.61276
558,192.49509
559,109.335655
560,187.21219
561,69.431656
562,106.60453
563,108.31725
564,61.30337
565,128.27774
566,126.56967
567,65.42602
568,62.08951
569,85.445816
570,83.251045
571,117.53892
572,65.34726
573,65.16683
574,86.13672
575,84.28043
576,90.60609
577,64.429276
578,66.498276
579,99.952126
580,310.90265
581,113.61416
582,220.864
583,115.94758
584,130.81099
585,199.24985
586,112.49581
587,219.47034
588,163.79308
589,78.66167
590,190.27885
591,94.690735
592,67.71245
593,146.22488
594,47.634148
595,87.01449
596,46.673756
597,48.44023
598,97.26427
599,69.34846
600,163.45226
601,52.34935
602,103.36489
603,122.822
604,209.62314
605,358.56323
606,252.62892
607,85.03838
608,274.992
609,405.35266
610,359.16064
611,346.5352
612,153.15599
613,153.71294
614,432.35068
615,340.0849
616,253.54434
617,83.42257
618,120.32718
619,125.39983
620,193.21254
621,112.4243
622,208.21909
623,168.4139
624,80.71986
625,184.60536
626,90.10543
627,64.76334
628,46.21588
629,86.82094
630,91.03413
631,94.32686
632,64.302055
633,46.732327
634,87.56069
635,96.129395
636,172.52617
637,223.89157
638,293.84882
639,60.91967
640,145.35529
641,132.06703
642,209.283
643,249.7344
644,111.30393
645,190.53671
646,70.23205
647,94.34654
648,323.91458
649,107.386055
650,222.8408
651,321.94794
652,307.0091
653,336.41083
654,144.75864
655,216.51183
656,92.22707
657,196.41115
658,93.34842
659,308.85657
660,194.81418
661,355.7619
662,154.06946
663,112.1914
664,155.36926
665,177.75081
666,151.60745
667,113.64275
668,91.28343
669,113.53167
670,80.53073
671,105.92695
672,145.5224
673,78.0543
674,99.74932
675,78.82417
676,105.02225
677,110.04175
678,145.96387
679,104.87664
680,131.13394
681,105.944786
682,73.228806
683,163.20238
684,53.57236
685,460.33652
686,444.32162
687,353.0144
688,396.97556
689,451.09143
690,411.84683
691,314.465
692,329.20477
693,444.97385
694,441.11734
695,180.9061
696,229.16022
697,311.13962
698,68.38023
699,148.65498
700,137.75772
701,218.13193
702,232.97305
703,115.17812
704,203.46313
705,72.56946
706,120.75253
707,131.0507
708,192.78058
709,114.045105
710,213.54114
711,170.89233
712,81.25952
713,185.57147
714,254.89127
715,89.426636
716,276.65717
717,447.45685
718,377.03125
719,374.97595
720,160.99174
721,159.9356
722,449.04282
723,359.20538
724,259.49948
725,88.3125
726,159.3348
727,166.35448
728,108.04557
729,147.68936
730,80.52852
731,100.367744
732,80.611435
733,108.97421
734,114.66152
735,148.75354
736,106.32147
737,128.1442
738,108.51146
739,141.34381
740,139.61713
741,146.8222
742,172.41887
743,141.31097
744,259.91385
745,86.792854
746,68.08617
747,151.53935
748,224.33177
749,72.38698
750,149.06027
751,496.77597
752,473.4181
753,429.72333
754,429.7074
755,480.45963
756,452.45645
757,325.84283
758,357.64563
759,477.24295
760,468.32843
761,145.47083
762,159.19008
763,323.5072
764,347.63284
765,219.36436
766,355.0331
767,149.35378
768,343.20114
769,218.27054
770,148.18642
771,76.77808
772,305.14322
773,323.76105
774,216.42456
775,338.1938
776,144.55751
777,327.51166
778,262.5482
779,145.96468
780,72.61358
781,305.9675
782,316.9781
783,233.53613
784,345.07614
785,146.33565
786,334.50165
787,220.49759
788,146.24844
789,72.467705
790,140.87053
791,76.84653
792,74.236404
793,84.8406
794,116.348305
795,90.93538
796,153.9166
797,84.24268
798,77.59747
799,90.72073
800,88.66133
801,177.65051
802,93.21876
803,65.208176
804,153.94429
805,47.364784
806,234.48232
807,146.57774
808,173.97124
809,157.7292
810,328.5891
811,348.78357
812,236.52486
813,363.80032
814,147.7957
815,345.40887
816,284.017
817,149.611
818,77.41873
819,178.25783
820,143.26083
821,149.82973
822,113.67988
823,112.67547
824,162.03745
825,251.70853
826,73.773026
827,173.35974
828,218.21251
829,300.4298
830,67.02745
831,144.10985
832,134.1789
833,211.15959
834,221.98547
835,109.784424
836,195.38246
837,69.887985
838,149.23933
839,123.181496
840,108.06358
841,174.04623
842,106.122314
843,172.98534
844,148.25307
845,120.88492
846,59.367226
847,272.16562
848,119.65975
849,278.51248
850,85.19951
851,298.327
852,422.84988
853,400.3721
854,397.11346
855,151.9865
856,152.77693
857,441.69165
858,394.42114
859,243.54778
860,83.39361
861,137.20499
862,411.9032
863,152.91554
864,162.12148
865,82.88874
866,294.246
867,420.64584
868,233.80255
869,219.15788
870,405.95886
871,419.72382
872,242.00568
873,390.9554
874,419.02145
875,196.24081
876,159.65285
877,162.76459
878,140.37695
879,127.120476
880,187.26732
881,313.82187
882,77.951836
883,303.88412
884,281.24826
885,316.3018
886,132.86092
887,193.55936
888,84.89534
889,181.76607
890,85.542656
891,284.81055
892,181.69115
893,327.19962
894,145.12796
895,128.68733
896,105.89964
897,168.84471
898,103.47822
899,168.5982
900,144.57721
901,128.88448
902,386.01218
903,397.64764
904,356.67477
905,369.16125
906,455.11496
907,443.9119
908,298.87976
909,313.1965
910,453.2593
911,450.86343
912,132.89514
913,400.911
914,151.10094
915,161.02397
916,83.42571
917,295.8506
918,395.63565
919,234.45462
920,196.18452
921,370.68433
922,410.37814
923,244.76573
924,386.57843
925,401.1822
926,387.66873
927,398.12833
928,356.9316
929,369.21878
930,454.9046
931,443.483
932,299.12497
933,312.79706
934,453.0594
935,450.4739
936,285.73224
937,86.48877
938,320.3591
939,443.60605
940,407.34134
941,421.2795
942,158.28969
943,160.98878
944,465.59308
945,380.04416
946,253.85155
947,90.97587
948,263.29105
949,154.11578
950,113.90925
951,156.07916
952,176.94781
953,151.69565
954,113.27582
955,91.951126
956,113.634125
957,83.877655
958,81.0567
959,128.33472
960,69.06335
961,65.06395
962,228.52174
963,143.36343
964,166.08524
965,147.62024
966,71.81096
967,117.288445
968,101.27385
969,131.58124
970,73.69659
971,71.78984
972,72.38294
973,99.34441
974,114.695465
975,191.54994
976,333.26907
977,87.12857
978,63.415936
979,44.656063
980,83.89705
981,89.2143
982,428.61267
983,450.1013
984,372.01633
985,400.6004
986,456.46118
987,422.27652
988,315.1777
989,314.86096
990,452.00388
991,451.13654
992,177.0479
993,118.26371
994,134.9461
995,79.46357
996,125.35137
997,184.15799
998,174.90015
999,256.35788
1000,269.1839
1001,175.62149
1002,175.60028
1003,476.18774
1004,458.29962
1005,366.98087
1006,411.24908
1007,464.668
1008,425.084
1009,325.0291
1010,335.44257
1011,462.3039
1012,456.53464
1013,154.2115
1014,158.39325
1015,136.64694
1016,72.42602
1017,69.823296
1018,173.2434
1019,139.50449
1020,145.34222
1021,111.59789
1022,114.505226
1023,162.95299
1024,243.81775
1025,75.188446
1026,103.937
1027,120.92739
1028,206.69008
1029,355.5931
1030,140.04807
1031,97.67639
1032,75.52753
1033,99.53965
1034,104.438034
1035,140.56915
1036,101.90508
1037,126.551
1038,426.95975
1039,441.7806
1040,359.42944
1041,391.0147
1042,446.08218
1043,413.6683
1044,307.7307
1045,308.49658
1046,442.37988
1047,439.0026
1048,464.2364
1049,447.3379
1050,406.6024
1051,405.59467
1052,457.27896
1053,427.9209
1054,311.1681
1055,331.18396
1056,448.60086
1057,441.01855
1058,174.0657
1059,234.02982
1060,300.15073
1061,67.879555
1062,145.57393
1063,134.40933
1064,215.06694
1065,240.80191
1066,110.438225
1067,196.93103
1068,70.493164
1069,485.46448
1070,463.47668
1071,379.2463
1072,419.35666
1073,469.44733
1074,430.66742
1075,322.4263
1076,348.34436
1077,470.00842
1078,460.7575
1079,235.44316
1080,148.84138
1081,173.38618
1082,152.44981
1083,271.93427
1084,281.26718
1085,279.44675
1086,126.12907
1087,194.67215
1088,83.58997
1089,181.2494
1090,87.488594
1091,274.12277
1092,172.17502
1093,291.04782
1094,296.1713
1095,93.54024
1096,322.21103
1097,453.76218
1098,417.20114
1099,431.05035
1100,165.6165
1101,166.74878
1102,472.07434
1103,388.18567
1104,263.79352
1105,93.03759
1106,184.77785
1107,233.29494
1108,317.58972
1109,70.67759
1110,153.5613
1111,140.66048
1112,217.69296
1113,231.66159
1114,117.379814
1115,204.5696
1116,74.34756
1117,178.18138
1118,221.73132
1119,312.90515
1120,64.20744
1121,144.0038
1122,129.72968
1123,208.22449
1124,245.51804
1125,109.49542
1126,187.44861
1127,69.3416
1128,106.07356
1129,146.13058
1130,77.35239
1131,101.26675
1132,78.77189
1133,104.70585
1134,109.643425
1135,146.42406
1136,105.20923
1137,134.1329
1138,113.98682
1139,151.77089
1140,66.40273
1141,61.51913
1142,215.7999
1143,111.63482
1144,75.109375
1145,131.81769
1146,133.03114
1147,186.01099
1148,240.46042
1149,320.4344
1150,71.431404
1151,153.92314
1152,140.6408
1153,218.01747
1154,242.88507
1155,117.40649
1156,201.72285
1157,74.34756
1158,92.80099
1159,66.52957
1160,47.52238
1161,89.63737
1162,94.5855
1163,60.49735
1164,268.96756
1165,120.95899
1166,60.479206
1167,281.33533
1168,122.466736
1169,183.92589
1170,210.5435
1171,302.9206
1172,69.302666
1173,149.66728
1174,137.2807
1175,216.10107
1176,199.2562
1177,114.099236
1178,193.01176
1179,72.359535
1180,109.52585
1181,149.77533
1182,80.66792
1183,105.71318
1184,82.42674
1185,113.06538
1186,118.89317
1187,149.87274
1188,109.067154
1189,134.2259
1190,463.64423
1191,444.78824
1192,410.9523
1193,396.74664
1194,455.20618
1195,425.98984
1196,314.31406
1197,325.2498
1198,445.68872
1199,439.98746
1200,151.25436
1201,132.12329
1202,111.811295
1203,179.1598
1204,109.32993
1205,178.53462
1206,150.39252
1207,124.836105
1208,119.619514
1209,124.951454
1210,191.0584
1211,108.18327
1212,203.21417
1213,166.26631
1214,83.087944
1215,185.38254
1216,92.64224
1217,63.560535
1218,46.44988
1219,86.62524
1220,94.173874
1221,58.40918
1222,279.25375
1223,121.048515
1224,106.91674
1225,139.75964
1226,137.76201
1227,145.42932
1228,174.44994
1229,140.25128
1230,251.79575
1231,84.606514
1232,66.59882
1233,146.35918
1234,218.24756
1235,70.40871
1236,149.66354
1237,266.88824
1238,272.0144
1239,274.31555
1240,121.255905
1241,190.76591
1242,81.659225
1243,173.86664
1244,84.40595
1245,264.8347
1246,166.58975
1247,283.04254
1248,324.78653
1249,334.0863
1250,243.84264
1251,362.9348
1252,149.4655
1253,345.17322
1254,230.4771
1255,148.8258
1256,77.556145
1257,109.5436
1258,149.20622
1259,81.711914
1260,102.15454
1261,82.71417
1262,108.50966
1263,115.330986
1264,149.49448
1265,106.430664
1266,125.75081
1267,133.89963
1268,404.89215
1269,142.9369
1270,153.52805
1271,80.64968
1272,288.58145
1273,341.02832
1274,237.3708
1275,204.88564
1276,365.71
1277,366.7148
1278,239.65321
1279,364.18414
1280,387.51776
1281,100.39439
1282,317.84967
1283,112.98858
1284,223.61375
1285,387.43576
1286,367.82275
1287,355.2564
1288,368.06207
1289,458.50977
1290,393.6516
1291,300.08392
1292,316.9175
1293,458.1662
1294,400.35257
1295,103.776245
1296,142.5791
1297,76.96003
1298,102.06562
1299,77.249466
1300,105.07364
1301,111.64149
1302,143.94661
1303,104.98839
1304,135.0175
1305,100.90848
1306,351.79428
1307,111.41194
1308,242.41603
1309,57.715622
1310,264.71686
1311,117.04523
1312,106.563644
1313,108.47351
1314,58.341072
1315,61.053715
1316,128.70955
1317,127.113014
1318,183.61612
1319,65.46163
1320,106.4275
1321,61.875797
1322,246.11337
1323,152.755
1324,181.92253
1325,157.85962
1326,93.228836
1327,66.25915
1328,154.31036
1329,47.36815
1330,114.79981
1331,152.30426
1332,65.153404
1333,60.85726
1334,214.93932
1335,114.90811
1336,72.07275
1337,123.711494
1338,126.66855
1339,101.76448
1340,70.094986
1341,168.83507
1342,52.73219
1343,298.1294
1344,302.4458
1345,325.19485
1346,141.56319
1347,222.14088
1348,89.98353
1349,195.04361
1350,93.49578
1351,301.70477
1352,191.8789
1353,330.65732
1354,176.54614
1355,144.8814
1356,147.53525
1357,109.59949
1358,110.15036
1359,157.40913
1360,250.85077
1361,71.27521
1362,86.79314
1363,121.8091
1364,94.339455
1365,159.82823
1366,87.6298
1367,80.537415
1368,96.125244
1369,91.30428
1370,180.72224
1371,265.5778
1372,156.47522
1373,116.30613
1374,156.90033
1375,180.14401
1376,152.94333
1377,114.81958
1378,94.79149
1379,114.15433
1380,85.57275
1381,82.73109
1382,134.10287
1383,97.106285
1384,72.70294
1385,97.504295
1386,102.18379
1387,134.6149
1388,102.13281
1389,126.20325
1390,138.61214
1391,123.321175
1392,102.46634
1393,161.49924
1394,98.23365
1395,160.38945
1396,138.54907
1397,122.44054
1398,81.98602
1399,78.89288
1400,113.88757
1401,62.539997
1402,83.68658
1403,78.95733
1404,85.96289
1405,61.100655
1406,255.07062
1407,150.14919
1408,110.46062
1409,150.51643
1410,171.56087
1411,145.94533
1412,108.80379
1413,90.04527
1414,108.11482
1415,81.23624
1416,78.520836
1417,101.24954
1418,365.6475
1419,113.59802
1420,245.99402
1421,194.2018
1422,152.90607
1423,156.894
1424,136.42104
1425,120.73652
1426,181.53584
1427,307.73843
1428,74.250046
1429,190.01541
1430,235.18814
1431,329.15335
1432,66.62841
1433,154.27165
1434,138.59818
1435,220.96378
1436,257.11984
1437,116.76654
1438,198.06837
1439,75.02125
1440,321.72592
1441,300.83807
1442,344.11734
1443,135.8778
1444,202.33337
1445,85.438286
1446,184.37169
1447,86.97653
1448,324.80267
1449,183.71022
1450,351.81088
1451,97.177444
1452,114.86307
1453,202.16714
1454,337.40762
1455,311.3336
1456,334.07123
1457,230.05463
1458,348.5611
1459,143.80885
1460,337.4827
1461,269.76358
1462,145.65857
1463,72.592316
1464,169.80292
1465,200.77634
1466,268.88638
1467,66.72415
1468,142.33766
1469,133.19226
1470,207.2403
1471,201.11945
1472,108.953094
1473,172.41875
1474,69.04287
1475,113.23976
1476,127.28986
1477,197.01886
1478,109.69811
1479,218.16335
1480,160.2784
1481,77.00078
1482,186.61478
1483,175.45415
1484,197.58154
1485,293.0938
1486,66.58666
1487,143.80582
1488,133.49152
1489,208.39679
1490,192.22237
1491,109.78425
1492,185.95598
1493,70.01923
1494,128.56175
1495,392.00455
1496,146.68306
1497,157.15251
1498,79.95638
1499,285.88596
1500,390.5601
1501,220.34872
1502,206.85359
1503,383.501
1504,387.2934
1505,229.31604
1506,370.41037
1507,399.72235
1508,59.623817
1509,278.36154
1510,122.735634
1511,279.25156
1512,90.171165
1513,315.70514
1514,447.15207
1515,420.9155
1516,417.42288
1517,160.72792
1518,161.9405
1519,459.18082
1520,415.65762
1521,258.13562
1522,89.53665
1523,149.08495
1524,109.32087
1525,149.8385
1526,171.65315
1527,145.1833
1528,108.75435
1529,88.534676
1530,108.30803
1531,77.54145
1532,318.50638
1533,339.88873
1534,232.50116
1535,355.69006
1536,144.53296
1537,344.38956
1538,271.65186
1539,146.2314
1540,74.248985
1541,342.0661
1542,364.4961
1543,233.16722
1544,372.1423
1545,156.87804
1546,358.7836
1547,233.68303
1548,156.87598
1549,82.54123
1550,107.541245
1551,148.70879
1552,79.99926
1553,99.78595
1554,81.46902
1555,108.97477
1556,116.39743
1557,147.5058
1558,105.4571
1559,127.41305
1560,135.45973
1561,411.52988
1562,147.72987
1563,146.77382
1564,82.42223
1565,290.6926
1566,314.07593
1567,240.11263
1568,199.03027
1569,370.91888
1570,370.34433
1571,219.6062
1572,375.2674
1573,346.77817
1574,224.81378
1575,143.0838
1576,165.41727
1577,147.62024
1578,255.96588
1579,86.605225
1580,281.30444
1581,415.90945
1582,360.87268
1583,353.7848
1584,156.07248
1585,156.77316
1586,439.6812
1587,340.65878
1588,250.31424
1589,86.06102
1590,270.93988
1591,159.19983
1592,115.22635
1593,160.25343
1594,186.23827
1595,156.50525
1596,117.75475
1597,94.172035
1598,117.61265
1599,86.34113
1600,83.93189
1601,100.40877
1602,305.3266
1603,111.97051
1604,218.03802
1605,99.69213
1606,103.280106
1607,54.865444
1608,55.35578
1609,123.69112
1610,120.54524
1611,175.63683
1612,59.61131
1613,100.83203
1614,57.857716
1615,181.48785
1616,117.55454
1617,131.39493
1618,81.633446
1619,127.96391
1620,191.96294
1621,178.91782
1622,261.46503
1623,280.48376
1624,178.35072
1625,180.32693
1626,233.13751
1627,143.66594
1628,168.01268
1629,152.77203
1630,99.36499
1631,67.6248
1632,49.033005
1633,94.05714
1634,100.081215
1635,180.60211
1636,224.39442
1637,318.27084
1638,66.113075
1639,145.65784
1640,132.70573
1641,212.25792
1642,251.43825
1643,112.01093
1644,192.05064
1645,70.81047
1646,227.24614
1647,146.97202
1648,172.92667
1649,152.74892
1650,283.56104
1651,92.06838
1652,311.8841
1653,434.51178
1654,372.74313
1655,391.32538
1656,164.62006
1657,165.97559
1658,460.72543
1659,360.6726
1660,264.82922
1661,91.254974
1662,176.25818
1663,211.42058
1664,285.278
1665,71.72075
1666,153.74153
1667,140.08311
1668,219.03703
1669,209.06285
1670,116.332306
1671,180.07048
1672,74.89257
1673,133.76572
1674,403.3823
1675,149.23715
1676,163.62735
1677,83.69777
1678,289.32053
1679,371.87976
1680,237.0856
1681,204.61018
1682,366.61337
1683,373.9072
1684,236.1479
1685,370.4507
1686,388.32443
1687,156.85402
1688,113.759964
1689,158.55727
1690,185.41542
1691,154.539
1692,116.276665
1693,93.80078
1694,116.24925
1695,83.204414
1696,109.18352
1697,110.02148
1698,184.45474
1699,102.476074
1700,186.43817
1701,152.58316
1702,80.24704
1703,171.36559
1704,335.8928
1705,354.74927
1706,214.11784
1707,363.84448
1708,151.21115
1709,323.4523
1710,208.9434
1711,153.23676
1712,77.83557
1713,409.4167
1714,423.94385
1715,382.6139
1716,403.13986
1717,478.5565
1718,465.75427
1719,308.765
1720,331.689
1721,479.97015
1722,477.65024
1723,138.7537
1724,128.50916
1725,103.53936
1726,161.66109
1727,99.578156
1728,161.92253
1729,138.4631
1730,127.0392
1731,309.88815
1732,323.73114
1733,206.84332
1734,347.74414
1735,147.65219
1736,333.43036
1737,212.93184
1738,146.45023
1739,72.467705
1740,113.80061
1741,149.72537
1742,63.988228
1743,60.278843
1744,207.43027
1745,113.48334
1746,69.991425
1747,122.9255
1748,120.73725
1749,114.397255
1750,149.99553
1751,148.4834
1752,154.28877
1753,184.0038
1754,150.58185
1755,268.43665
1756,92.30159
1757,72.61506
1758,158.55765
1759,227.21695
1760,75.51234
1761,163.18011
1762,87.20203
1763,63.43253
1764,44.672657
1765,83.83552
1766,88.883286
1767,277.201
1768,277.37256
1769,294.792
1770,130.26671
1771,198.16753
1772,83.19392
1773,181.26459
1774,84.22998
1775,284.71188
1776,178.93462
1777,318.99405
1778,116.47725
1779,151.49083
1780,66.08095
1781,60.881084
1782,237.99423
1783,116.25246
1784,74.63405
1785,135.62996
1786,134.84631
1787,105.573616
1788,124.222275
1789,214.62154
1790,365.1637
1791,242.69759
1792,154.12741
1793,182.34573
1794,156.16742
1795,110.33196
1796,144.74825
1797,141.33914
1798,146.81688
1799,180.87363
1800,143.975
1801,257.11194
1802,88.37224
1803,70.31955
1804,151.64685
1805,222.43167
1806,74.77339
1807,163.66565
1808,138.55089
1809,421.2136
1810,154.95229
1811,163.3568
1812,84.09947
1813,298.6357
1814,428.08832
1815,237.36926
1816,221.5742
1817,416.5928
1818,415.29456
1819,244.52321
1820,401.6927
1821,428.11447
1822,92.10353
1823,63.49607
1824,45.91243
1825,85.00526
1826,88.63129
1827,468.33157
1828,450.42813
1829,408.4596
1830,410.23892
1831,460.75952
1832,432.70157
1833,314.51343
1834,334.16238
1835,452.93115
1836,445.2456
1837,80.41255
1838,42.499306
1839,44.750065
1840,102.40379
1841,103.99319
1842,55.505592
1843,56.43299
1844,125.54701
1845,121.7589
1846,181.466
1847,61.90587
1848,102.72018
1849,59.044865
1850,333.6243
1851,352.34723
1852,243.57619
1853,366.483
1854,150.79411
1855,346.92197
1856,265.05362
1857,154.26096
1858,79.25961
1859,179.58449
1860,218.34218
1861,303.66318
1862,64.85363
1863,145.51782
1864,131.89186
1865,210.10875
1866,250.28273
1867,110.819176
1868,186.61293
1869,70.131226
1870,57.055416
1871,264.18567
1872,118.01559
1873,310.21335
1874,323.76996
1875,206.41394
1876,347.61032
1877,147.93552
1878,333.2311
1879,212.82861
1880,146.6839
1881,72.5604
1882,172.58354
1883,112.30796
1884,125.04144
1885,77.85847
1886,122.824875
1887,184.16496
1888,168.51291
1889,252.01532
1890,263.1907
1891,169.42743
1892,170.85818
1893,170.24146
1894,201.45453
1895,272.61612
1896,67.805664
1897,143.18684
1898,133.18549
1899,210.32289
1900,201.18117
1901,109.47881
1902,172.56544
1903,69.431656
1904,97.368744
1905,67.2426
1906,150.63986
1907,48.3261
1908,235.99982
1909,85.20373
1910,263.647
1911,397.86145
1912,350.85226
1913,364.08636
1914,152.64418
1915,145.48537
1916,427.67923
1917,331.83252
1918,251.31004
1919,83.574844
1920,57.89343
1921,271.52002
1922,117.12594
1923,126.7942
1924,67.3156
1925,60.462955
1926,334.42953
1927,353.3638
1928,242.67833
1929,368.5073
1930,154.8141
1931,348.03668
1932,268.29465
1933,155.08675
1934,79.266014
1935,180.7087
1936,219.04662
1937,307.25214
1938,66.06523
1939,146.60356
1940,132.01787
1941,211.13708
1942,249.16533
1943,111.23172
1944,187.9787
1945,70.60544
1946,97.12325
1947,68.22585
1948,167.37177
1949,51.552494
1950,102.4966
1951,127.754265
1952,125.73778
1953,135.6479
1954,160.66666
1955,132.31618
1956,238.50342
1957,83.973755
1958,66.90247
1959,141.19588
1960,209.71918
1961,69.260185
1962,145.06433
1963,87.68288
1964,63.527466
1965,45.5939
1966,84.131096
1967,88.980835
1968,137.52513
1969,75.88743
1970,70.571594
1971,127.91632
1972,145.87692
1973,180.05385
1974,129.06079
1975,147.80478
1976,81.600235
1977,128.33716
1978,193.7249
1979,178.48753
1980,268.16196
1981,280.42166
1982,179.72316
1983,179.28043
1984,149.33337
1985,112.07071
1986,149.4412
1987,174.88713
1988,146.16687
1989,109.199684
1990,89.66206
1991,109.20339
1992,78.72249
1993,241.30594
1994,152.59314
1995,180.15541
1996,158.23491
1997,140.67917
1998,122.96807
1999,103.166855
2000,163.56375
2001,99.27458
2002,162.32579
2003,140.89012
2004,124.04228
2005,271.8681
2006,85.206436
2007,295.12955
2008,401.47256
2009,364.31497
2010,358.766
2011,153.04366
2012,153.91899
2013,428.34415
2014,341.74805
2015,249.42285
2016,83.16119
2017,136.02377
2018,416.6951
2019,152.41644
2020,168.59824
2021,89.15723
2022,303.28073
2023,422.38797
2024,244.4376
2025,217.85486
2026,385.8765
2027,390.046
2028,242.62982
2029,384.7484
2030,413.25085
2031,327.69153
2032,352.29892
2033,211.68402
2034,358.45386
2035,149.86089
2036,315.80838
2037,204.49847
2038,152.63507
2039,77.69811
2040,277.39343
2041,86.34316
2042,306.9123
2043,417.54175
2044,388.31393
2045,396.3322
2046,155.75136
2047,157.0204
2048,440.24472
2049,355.5752
2050,251.15843
2051,83.90794
2052,97.21048
2053,114.86307
2054,203.57687
2055,340.27838
2056,177.45352
2057,114.78369
2058,130.68906
2059,80.71158
2060,126.819435
2061,189.29836
2062,175.99292
2063,261.17865
2064,273.05707
2065,176.6919
2066,177.18752
2067,92.87258
2068,64.06514
2069,46.9235
2070,86.87296
2071,94.3827
2072,95.985725
2073,349.3871
2074,106.89077
2075,231.72253
2076,140.74258
2077,127.31465
2078,104.651665
2079,167.61842
2080,102.326485
2081,168.13986
2082,140.51
2083,116.49819
2084,122.6905
2085,127.98591
2086,197.95729
2087,114.01666
2088,210.55252
2089,173.33482
2090,82.34655
2091,192.12238
2092,58.468254
2093,271.50024
2094,120.59498
2095,97.3741
2096,68.11194
2097,136.30711
2098,48.011875
2099,228.2477
2100,143.04643
2101,165.90565
2102,147.19765
2103,98.21505
2104,116.03177
2105,195.06207
2106,323.0392
2107,100.005486
2108,314.4584
2109,113.67549
2110,227.76076
2111,110.06053
2112,125.71119
2113,215.37796
2114,371.75778
2115,450.87646
2116,468.18118
2117,383.82877
2118,427.0456
2119,472.60272
2120,438.72113
2121,318.70502
2122,329.21042
2123,474.85272
2124,462.49634
2125,117.37725
2126,120.217186
2127,195.27678
2128,109.56134
2129,197.92259
2130,166.59108
2131,80.954636
2132,182.28545
2133,81.435196
2134,79.38992
2135,114.65341
2136,62.361755
2137,61.10345
2138,83.40373
2139,79.74038
2140,86.4714
2141,60.11855
2142,61.383297
2143,226.3726
2144,141.94489
2145,165.44518
2146,146.75362
2147,117.321976
2148,161.96133
2149,67.103134
2150,61.558132
2151,262.34827
2152,118.14274
2153,75.875
2154,136.73622
2155,136.43164
2156,168.1965
2157,111.069855
2158,123.51839
2159,77.57737
2160,120.441025
2161,187.36835
2162,157.418
2163,244.78072
2164,257.0823
2165,160.64793
2166,167.02583
2167,143.16675
2168,98.99129
2169,77.55662
2170,101.96864
2171,106.987885
2172,142.23314
2173,101.59758
2174,127.955635
2175,103.49136
2176,136.05971
2177,129.03226
2178,135.2544
2179,169.78914
2180,132.0076
2181,248.35605
2182,84.225
2183,66.89345
2184,141.41739
2185,209.87932
2186,70.59042
2187,149.93448
2188,87.75838
2189,48.64431
2190,50.683193
2191,103.47795
2192,363.8498
2193,114.09801
2194,246.49472
2195,98.44288
2196,114.93513
2197,200.63264
2198,335.84875
2199,94.400314
2200,64.31865
2201,46.74892
2202,87.5262
2203,95.77449
2204,177.06421
2205,112.5485
2206,130.43932
2207,79.33224
2208,125.451294
2209,186.08069
2210,170.4997
2211,254.1727
2212,265.0181
2213,172.6894
2214,174.73198
2215,107.893135
2216,152.4081
2217,62.842
2218,56.597214
2219,238.11023
2220,108.52697
2221,70.32639
2222,125.591606
2223,125.130936
2224,85.445816
2225,83.251045
2226,117.53892
2227,65.34726
2228,65.16683
2229,86.13672
2230,84.28043
2231,90.60609
2232,64.429276
2233,66.498276
2234,179.50204
2235,202.74976
2236,297.54163
2237,67.55276
2238,145.74564
2239,134.53542
2240,211.49684
2241,193.8426
2242,111.61733
2243,190.29242
2244,70.29553
2245,275.56647
2246,87.328606
2247,308.0456
2248,421.81238
2249,374.57928
2250,381.10538
2251,160.48087
2252,160.93127
2253,444.93185
2254,355.24435
2255,255.78065
2256,87.5882
2257,99.7568
2258,69.65107
2259,157.55693
2260,49.581787
2261,105.987755
2262,122.01769
2263,210.44641
2264,354.52365
2265,137.78404
2266,76.15183
2267,70.85011
2268,141.14
2269,78.03975
2270,74.70878
2271,177.05125
2272,224.23076
2273,303.9
2274,67.75319
2275,145.2515
2276,136.19022
2277,213.20522
2278,228.17154
2279,111.2607
2280,196.49844
2281,70.88004
2282,100.354485
2283,326.34442
2284,113.43146
2285,231.2104
2286,87.561745
2287,119.79852
2288,96.16195
2289,161.55438
2290,88.4457
2291,82.581665
2292,96.234764
2293,92.297386
2294,185.4225
2295,424.01834
2296,443.6924
2297,363.6805
2298,392.0885
2299,449.02454
2300,418.35574
2301,309.03873
2302,310.3287
2303,444.8974
2304,440.9368
2305,182.92236
2306,221.84766
2307,313.9365
2308,64.10437
2309,149.24014
2310,135.68565
2311,218.49062
2312,259.0991
2313,115.772995
2314,196.58617
2315,72.72473
2316,399.25488
2317,409.88623
2318,373.6359
2319,394.03107
2320,468.1939
2321,452.2778
2322,305.33112
2323,327.9006
2324,468.654
2325,468.39624
2326,144.92299
2327,159.88585
2328,310.67218
2329,336.43552
2330,215.30083
2331,346.70053
2332,147.65219
2333,337.2432
2334,214.01186
2335,146.45023
2336,72.45617
2337,109.03899
2338,109.3637
2339,184.43446
2340,102.47492
2341,186.51807
2342,152.31064
2343,80.22931
2344,171.14427
2345,108.37163
2346,148.78851
2347,62.284534
2348,57.616074
2349,210.79028
2350,106.32897
2351,71.56259
2352,124.76469
2353,126.80343
2354,260.7785
2355,154.49815
2356,115.366776
2357,155.97682
2358,179.77606
2359,153.30215
2360,112.0213
2361,92.955
2362,114.85996
2363,83.58283
2364,81.02866
2365,134.57443
2366,71.26388
2367,69.55819
2368,175.74744
2369,218.84879
2370,303.38608
2371,66.03067
2372,142.88216
2373,134.03703
2374,208.24586
2375,222.05402
2376,109.37441
2377,193.99664
2378,69.04943
2379,102.29512
2380,67.95883
2381,49.764397
2382,95.55505
2383,103.3918
2384,265.17206
2385,92.7975
2386,287.23047
2387,454.0219
2388,388.4905
2389,378.19852
2390,164.40121
2391,163.48196
2392,450.56918
2393,368.18115
2394,267.0548
2395,92.917
2396,277.201
2397,277.37256
2398,294.792
2399,130.26671
2400,198.16753
2401,83.19392
2402,181.26459
2403,84.22998
2404,284.71188
2405,178.93462
2406,318.99405
2407,176.95062
2408,220.363
2409,316.7763
2410,64.5318
2411,143.31587
2412,130.61981
2413,207.54048
2414,241.90027
2415,109.680214
2416,187.04797
2417,69.11006
2418,195.87396
2419,236.73895
2420,309.99533
2421,66.29222
2422,160.0522
2423,142.55188
2424,229.21019
2425,264.39938
2426,120.872086
2427,205.06926
2428,75.80997
2429,329.51477
2430,341.89532
2431,209.48141
2432,359.30243
2433,151.2383
2434,337.6426
2435,214.31308
2436,150.86862
2437,76.898506
2438,82.95099
2439,81.22687
2440,117.03553
2441,63.84354
2442,64.96111
2443,84.75872
2444,82.1308
2445,88.563286
2446,60.92136
2447,62.675755
2448,129.4963
2449,393.96207
2450,139.83719
2451,138.16809
2452,77.42118
2453,285.1439
2454,298.0528
2455,227.44678
2456,189.74689
2457,358.72772
2458,354.12885
2459,207.53673
2460,355.985
2461,333.98187
2462,105.872795
2463,73.4074
2464,152.19365
2465,53.56604
2466,155.03348
2467,162.00067
2468,172.03474
2469,110.09895
2470,124.554115
2471,77.78108
2472,121.27649
2473,180.41362
2474,163.0219
2475,249.16087
2476,255.23244
2477,165.997
2478,168.4158
2479,136.67511
2480,152.77945
2481,244.04857
2482,152.04953
2483,180.21005
2484,160.0341
2485,87.39495
2486,85.69889
2487,118.58462
2488,68.104675
2489,67.501495
2490,89.835266
2491,85.74236
2492,92.4641
2493,66.42885
2494,68.08899
2495,104.74608
2496,71.44124
2497,164.45097
2498,52.627506
2499,310.67218
2500,336.43552
2501,215.30083
2502,346.70053
2503,147.65219
2504,337.2432
2505,214.01186
2506,146.45023
2507,72.45617
2508,137.34177
2509,417.028
2510,154.04271
2511,166.41327
2512,86.324905
2513,298.8261
2514,424.4394
2515,234.68564
2516,222.2319
2517,410.4162
2518,415.90173
2519,242.32008
2520,399.90527
2521,423.6157
2522,255.63986
2523,149.36072
2524,110.431656
2525,150.86505
2526,171.25327
2527,146.36505
2528,108.94838
2529,90.58843
2530,108.592255
2531,81.32205
2532,78.88697
2533,225.9138
2534,146.3219
2535,172.9573
2536,152.77255
2537,158.1174
2538,162.8296
2539,114.71341
2540,149.83876
2541,147.97673
2542,153.60934
2543,185.40901
2544,150.0378
2545,263.90576
2546,92.047195
2547,72.61506
2548,158.31313
2549,227.64539
2550,75.36381
2551,166.33838
2552,81.508865
2553,78.8667
2554,113.89839
2555,62.207104
2556,83.56909
2557,78.65652
2558,85.264885
2559,60.30995
2560,100.70008
2561,140.28706
2562,73.17518
2563,98.17054
2564,75.67093
2565,99.48333
2566,105.001396
2567,141.13998
2568,102.61237
2569,127.46901
2570,82.33666
2571,80.65421
2572,117.88584
2573,63.58052
2574,64.55501
2575,86.31659
2576,80.99657
2577,88.37955
2578,60.857513
2579,62.970295
2580,98.499855
2581,317.75275
2582,109.51905
2583,223.23074
2584,104.93468
2585,72.7421
2586,150.7
2587,52.754307
2588,80.473755
2589,42.092876
2590,44.757874
2591,58.244724
2592,263.23602
2593,116.5782
2594,89.89233
2595,65.30487
2596,153.37978
2597,47.5082
2598,437.83682
2599,427.5672
2600,368.27466
2601,391.6928
2602,473.5904
2603,454.64243
2604,317.84537
2605,334.0355
2606,476.49387
2607,480.65643
2608,96.05042
2609,63.70201
2610,47.472477
2611,91.30413
2612,93.363396
2613,242.69415
2614,86.02603
2615,266.24115
2616,399.5922
2617,354.8315
2618,366.51935
2619,155.13998
2620,149.80646
2621,430.47424
2622,333.00882
2623,256.982
2624,84.41188
2625,97.324615
2626,98.511116
2627,54.676945
2628,118.11641
2629,116.9564
2630,59.307976
2631,56.57961
2632,423.5715
2633,408.79297
2634,337.11536
2635,358.23166
2636,452.82153
2637,426.84903
2638,304.83237
2639,311.3127
2640,450.96234
2641,447.6956
2642,141.45714
2643,128.90944
2644,104.38777
2645,164.33102
2646,100.85345
2647,164.18164
2648,141.76877
2649,129.0278
2650,411.50262
2651,419.47647
2652,390.34848
2653,412.11975
2654,477.93018
2655,466.24115
2656,309.67493
2657,337.92688
2658,481.97595
2659,478.4175
2660,123.44198
2661,138.67143
2662,207.79448
2663,121.80086
2664,230.18106
2665,172.80992
2666,83.06187
2667,200.375
2668,139.74734
2669,418.90192
2670,148.11461
2671,146.45808
2672,84.79346
2673,297.0714
2674,322.5539
2675,245.4702
2676,199.6338
2677,382.41144
2678,376.95425
2679,220.45665
2680,385.91562
2681,356.16998
2682,99.18964
2683,331.41745
2684,109.51905
2685,228.3731
2686,109.45761
2687,148.57082
2688,80.53737
2689,102.775185
2690,82.69823
2691,107.869995
2692,114.67132
2693,148.94151
2694,106.18339
2695,125.50353
2696,67.58325
2697,116.14924
2698,96.19324
2699,125.688324
2700,68.753235
2701,66.42128
2702,60.339485
2703,272.30423
2704,119.15568
2705,57.550446
2706,264.10114
2707,115.941986
2708,71.48487
2709,117.090645
2710,103.0774
2711,133.50311
2712,72.52984
2713,70.10607
2714,477.3853
2715,455.5621
2716,430.11887
2717,414.61444
2718,466.17322
2719,433.49503
2720,314.4805
2721,339.26544
2722,463.89188
2723,451.09113
2724,272.036
2725,85.89678
2726,296.04965
2727,402.99033
2728,366.22983
2729,358.76788
2730,153.4903
2731,154.28195
2732,429.53458
2733,341.8579
2734,251.76306
2735,83.42257
2736,90.61608
2737,65.176575
2738,154.23576
2739,47.52613
2740,57.917664
2741,270.07025
2742,114.93056
2743,132.59999
2744,72.57407
2745,69.84778
2746,339.69138
2747,356.67276
2748,243.92921
2749,369.08466
2750,153.2907
2751,351.2644
2752,285.46808
2753,157.21385
2754,81.178314
2755,137.20987
2756,74.74744
2757,72.21704
2758,420.5649
2759,389.6475
2760,394.0789
2761,411.20676
2762,485.66138
2763,434.80106
2764,317.8631
2765,344.5804
2766,483.7836
2767,448.84192
2768,136.45212
2769,413.6026
2770,148.62064
2771,160.39046
2772,85.54397
2773,293.6133
2774,354.879
2775,239.34622
2776,211.13374
2777,374.99762
2778,382.12817
2779,241.85272
2780,379.50305
2781,395.21414
2782,102.01839
2783,121.156815
2784,199.29715
2785,347.98697
2786,75.7377
2787,120.65768
2788,107.583664
2789,139.86253
2790,75.979225
2791,75.260155
2792,76.22001
2793,88.49023
2794,116.86157
2795,92.964226
2796,163.87941
2797,86.64219
2798,83.132904
2799,96.697296
2800,92.46401
2801,188.9362
2802,169.60085
2803,200.97974
2804,269.53723
2805,67.192535
2806,144.07693
2807,133.13858
2808,206.63824
2809,201.37018
2810,110.2498
2811,172.98311
2812,70.070984
2813,96.30451
2814,65.44648
2815,154.52942
2816,48.330803
2817,113.59148
2818,117.8294
2819,187.18123
2820,104.69932
2821,201.58185
2822,160.74023
2823,77.013214
2824,178.34695
2825,260.22873
2826,152.33647
2827,115.33246
2828,153.53276
2829,180.13516
2830,152.8784
2831,111.23171
2832,92.46449
2833,114.20985
2834,84.13213
2835,80.577805
2836,89.67126
2837,63.606667
2838,45.254402
2839,85.60949
2840,89.924904
2841,131.66035
2842,70.921936
2843,66.537544
2844,342.16895
2845,363.21545
2846,222.94861
2847,371.45752
2848,154.77191
2849,332.88165
2850,218.62737
2851,156.86325
2852,81.96935
2853,61.918167
2854,279.11182
2855,123.51308
2856,127.077576
2857,383.57437
2858,144.8046
2859,157.08002
2860,80.203865
2861,285.0527
2862,382.4139
2863,224.85405
2864,197.51756
2865,354.51712
2866,351.05276
2867,226.39938
2868,346.67407
2869,387.5993
2870,389.62842
2871,369.80338
2872,355.5926
2873,367.93542
2874,455.56006
2875,393.45456
2876,299.55728
2877,313.22498
2878,453.88867
2879,398.50366
2880,148.28627
2881,153.94907
2882,225.59744
2883,143.11546
2884,165.17935
2885,146.72536
2886,68.62069
2887,115.56813
2888,99.44841
2889,126.44507
2890,70.09701
2891,68.35131
2892,69.397964
2893,137.54437
2894,416.40692
2895,153.36569
2896,165.85486
2897,82.062485
2898,290.92093
2899,425.0073
2900,238.58504
2901,221.18907
2902,409.08548
2903,420.157
2904,241.73358
2905,391.54883
2906,416.3887
2907,247.09073
2908,88.31249
2909,280.05255
2910,422.8556
2911,367.77795
2912,387.15103
2913,159.10391
2914,152.41266
2915,440.74457
2916,351.60342
2917,258.89737
2918,87.89909
2919,59.700745
2920,273.76447
2921,120.50579
2922,101.731316
2923,120.38312
2924,199.94064
2925,343.3938
2926,98.63293
2927,291.60092
2928,108.688896
2929,211.51514
2930,317.282
2931,329.41144
2932,207.8546
2933,354.6277
2934,149.41771
2935,339.92145
2936,214.41191
2937,147.3713
2938,74.111595
2939,128.60013
2940,387.5082
2941,146.01794
2942,158.41539
2943,82.61907
2944,288.90878
2945,385.68872
2946,223.22368
2947,199.21716
2948,359.14066
2949,391.2627
2950,233.81168
2951,372.71704
2952,393.0011
2953,94.0097
2954,67.386
2955,130.99176
2956,46.937294
2957,101.224785
2958,69.223114
2959,167.78636
2960,49.297146
2961,109.47032
2962,110.86382
2963,59.039303
2964,59.636196
2965,129.83426
2966,124.653656
2967,186.69054
2968,64.12543
2969,108.33708
2970,63.32487
2971,106.126175
2972,107.82596
2973,59.97753
2974,126.57709
2975,125.40077
2976,64.41722
2977,60.177624
2978,230.11497
2979,151.1115
2980,179.25943
2981,156.17255
2982,105.33222
2983,107.20573
2984,59.15595
2985,124.04142
2986,122.46199
2987,62.36051
2988,59.071575
2989,103.52755
2990,120.50529
2991,210.46706
2992,358.19446
2993,99.70357
2994,116.78741
2995,183.44853
2996,329.5355
2997,271.7679
2998,85.71789
2999,303.43167
3000,427.92615
3001,407.474
3002,401.82022
3003,154.68791
3004,155.86914
3005,445.30725
3006,393.25092
3007,250.1377
3008,84.06088
3009,104.52006
3010,142.77861
3011,77.25837
3012,98.70204
3013,77.40248
3014,105.80236
3015,110.05687
3016,141.39111
3017,105.66729
3018,130.07436
3019,176.97757
3020,199.72205
3021,293.52713
3022,66.04075
3023,142.78221
3024,134.0106
3025,205.88467
3026,191.19685
3027,109.072784
3028,185.56537
3029,68.884834
3030,84.514565
3031,82.63249
3032,119.54394
3033,64.72438
3034,64.45245
3035,88.09848
3036,82.46036
3037,91.24809
3038,63.222466
3039,64.89289
3040,136.4881
3041,120.967606
3042,102.43427
3043,164.57631
3044,99.21137
3045,164.53227
3046,136.12366
3047,119.369125
3048,259.38354
3049,151.36707
3050,113.29372
3051,152.08119
3052,176.65974
3053,152.8784
3054,110.35845
3055,90.96217
3056,110.400734
3057,83.36861
3058,80.033554
3059,169.05057
3060,121.76218
3061,138.91415
3062,76.82249
3063,121.32257
3064,184.3277
3065,168.7952
3066,254.75424
3067,264.01413
3068,170.27399
3069,170.28
3070,104.45267
3071,72.93326
3072,155.48668
3073,53.617413
3074,232.03654
3075,142.85536
3076,166.92793
3077,149.13086
3078,487.89206
3079,472.3944
3080,435.44284
3081,437.1549
3082,483.6622
3083,461.44104
3084,329.71762
3085,356.61353
3086,470.29758
3087,458.58566
3088,247.26144
3089,152.40906
3090,181.29776
3091,158.31209
3092,281.51825
3093,89.04452
3094,312.32022
3095,440.10657
3096,395.47086
3097,415.0219
3098,161.06432
3099,162.0329
3100,459.24786
3101,365.25766
3102,247.71129
3103,87.896965
3104,175.77316
3105,215.78946
3106,317.44394
3107,61.79362
3108,143.14168
3109,131.45515
3110,207.04657
3111,241.50536
3112,109.54738
3113,186.98424
3114,69.19662
3115,75.76623
3116,120.889206
3117,106.97708
3118,139.68388
3119,75.837105
3120,74.23434
3121,187.71378
3122,236.25076
3123,305.1653
3124,69.64821
3125,158.60715
3126,141.89272
3127,231.99617
3128,264.07645
3129,119.77382
3130,207.39383
3131,75.62972
3132,463.05594
3133,446.22464
3134,352.36588
3135,397.6533
3136,451.3418
3137,414.2619
3138,316.87323
3139,330.13504
3140,446.934
3141,445.4206
3142,95.875374
3143,326.1779
3144,106.68816
3145,226.29977
3146,120.49003
3147,149.29155
3148,148.53766
3149,154.12221
3150,216.06737
3151,150.17824
3152,286.09305
3153,93.23638
3154,73.11812
3155,155.62628
3156,258.0518
3157,75.60728
3158,160.86813
3159,333.39172
3160,356.9373
3161,241.35014
3162,368.62415
3163,155.02173
3164,357.54373
3165,290.1708
3166,157.45612
3167,82.10408
3168,284.04782
3169,87.02338
3170,308.84723
3171,454.55124
3172,424.1383
3173,420.43982
3174,161.44588
3175,161.68724
3176,460.80795
3177,429.5844
3178,269.28104
3179,87.828026
3180,85.78575
3181,117.443245
3182,93.97046
3183,159.35274
3184,86.945885
3185,80.33228
3186,93.78627
3187,90.00807
3188,183.01074
3189,104.02087
3190,138.6558
3191,131.29155
3192,137.53326
3193,170.74905
3194,133.73058
3195,250.66034
3196,85.32926
3197,67.51958
3198,142.671
3199,212.65936
3200,71.137794
3201,150.87833
3202,70.08748
3203,117.73198
3204,101.07278
3205,128.95613
3206,71.020134
3207,69.02305
3208,60.430325
3209,281.2565
3210,123.428764
3211,106.49255
3212,108.31725
3213,61.227505
3214,128.24261
3215,125.156624
3216,65.35015
3217,62.013645
3218,236.97934
3219,148.09401
3220,171.96953
3221,152.70242
3222,135.83191
3223,415.7846
3224,152.10963
3225,167.50246
3226,88.45212
3227,303.30063
3228,419.986
3229,244.20975
3230,218.06303
3231,381.719
3232,386.7412
3233,244.55814
3234,388.17987
3235,408.53873
3236,282.81287
3237,90.79754
3238,312.77283
3239,433.61423
3240,371.4027
3241,394.57486
3242,164.8333
3243,165.81723
3244,458.18295
3245,357.22745
3246,262.35718
3247,90.848465
3248,131.31367
3249,71.50596
3250,66.92014
3251,296.9842
3252,298.3066
3253,304.66565
3254,137.94342
3255,216.75941
3256,88.7256
3257,194.64783
3258,93.19048
3259,298.03323
3260,188.51303
3261,310.59998
3262,225.86882
3263,140.98851
3264,164.60275
3265,146.17444
3266,169.14246
3267,200.38924
3268,269.38043
3269,66.18528
3270,143.16667
3271,133.65671
3272,205.9463
3273,200.90912
3274,109.69336
3275,172.44803
3276,68.89101
3277,73.44141
3278,119.23513
3279,104.96604
3280,137.85696
3281,74.56676
3282,72.29767
3283,73.476295
3284,82.591736
3285,80.59943
3286,119.699005
3287,63.231
3288,63.65353
3289,85.00078
3290,81.12449
3291,87.16588
3292,62.25495
3293,62.515102
3294,128.81914
3295,393.84427
3296,139.91283
3297,136.30992
3298,76.61654
3299,283.81677
3300,298.82434
3301,224.7305
3302,188.40668
3303,352.44678
3304,349.58652
3305,206.86646
3306,354.44577
3307,332.63623
3308,61.594223
3309,291.67572
3310,126.38824
3311,170.73947
3312,123.17341
3313,140.63223
3314,79.10278
3315,122.57824
3316,185.05792
3317,170.27242
3318,259.32758
3319,268.3213
3320,171.18788
3321,171.7016
3322,135.88112
3323,415.9176
3324,152.2522
3325,167.4556
3326,87.878555
3327,300.01636
3328,389.3021
3329,247.07358
3330,210.43823
3331,379.21747
3332,391.1256
3333,246.69008
3334,390.7218
3335,404.75293
3336,127.81221
3337,392.10248
3338,139.85973
3339,150.66106
3340,77.658455
3341,284.02365
3342,318.33206
3343,225.95
3344,200.80566
3345,356.77072
3346,356.44675
3347,230.47842
3348,354.47366
3349,378.65918
3350,117.97034
3351,132.02563
3352,197.19151
3353,113.98293
3354,214.96384
3355,165.34714
3356,80.24603
3357,182.42741
3358,434.45013
3359,424.42694
3360,363.73233
3361,389.40765
3362,475.8578
3363,457.40906
3364,317.30035
3365,335.20267
3366,483.87137
3367,479.4023
3368,108.1263
3369,127.01594
3370,206.40463
3371,366.9316
3372,107.61427
3373,109.63706
3374,58.299255
3375,60.459305
3376,129.31148
3377,126.6494
3378,183.47986
3379,64.89597
3380,106.35077
3381,61.464264
3382,496.4424
3383,466.72943
3384,425.0349
3385,432.1325
3386,472.5593
3387,448.6985
3388,327.3
3389,358.1882
3390,467.90012
3391,461.11264
3392,62.508606
3393,282.93658
3394,124.105316
3395,109.29951
3396,150.82066
3397,62.55196
3398,57.047527
3399,235.06062
3400,112.675026
3401,70.64642
3402,128.54616
3403,127.95199
3404,57.977425
3405,268.9719
3406,114.15699
3407,106.05241
3408,71.73855
3409,170.63939
3410,53.59638
3411,100.93401
3412,116.19575
3413,206.08144
3414,341.00845
3415,400.6606
3416,378.29703
3417,366.73343
3418,378.30655
3419,474.73947
3420,408.36316
3421,309.33853
3422,322.04666
3423,476.1075
3424,418.87375
3425,190.51425
3426,157.66937
3427,161.6334
3428,121.1725
3429,121.21542
3430,173.62827
3431,272.81183
3432,79.084915
3433,114.07122
3434,151.5171
3435,64.51082
3436,60.127483
3437,213.68663
3438,113.58377
3439,71.04261
3440,121.99496
3441,125.05989
3442,145.13748
3443,151.16753
3444,146.17833
3445,79.731445
3446,76.25206
3447,324.49252
3448,346.0504
3449,231.83694
3450,358.77695
3451,147.14835
3452,341.20026
3453,281.19022
3454,152.49092
3455,77.19187
3456,333.8921
3457,343.9585
3458,210.79262
3459,365.5282
3460,154.70546
3461,341.52112
3462,218.53618
3463,155.98706
3464,78.727234
3465,109.93274
3466,112.57144
3467,59.897266
3468,62.06928
3469,132.94572
3470,129.22841
3471,184.9822
3472,64.08067
3473,108.690636
3474,62.564026
3475,115.51869
3476,142.70581
3477,142.33408
3478,149.04599
3479,207.43219
3480,144.76208
3481,280.4373
3482,87.36509
3483,68.73063
3484,154.43178
3485,250.62883
3486,73.06055
3487,159.90689
3488,139.51016
3489,424.35754
3490,147.60558
3491,149.75594
3492,86.72029
3493,304.43707
3494,325.58212
3495,249.77759
3496,207.13185
3497,384.20963
3498,387.10074
3499,223.44423
3500,396.71387
3501,358.74817
3502,150.85011
3503,156.69629
3504,73.039444
3505,119.11563
3506,102.165596
3507,137.10524
3508,74.319565
3509,72.152725
3510,73.14229
3511,128.43393
3512,388.53894
3513,145.87276
3514,157.35922
3515,80.88746
3516,284.05554
3517,348.45587
3518,230.11111
3519,199.55183
3520,357.55927
3521,359.00287
3522,231.91905
3523,354.73788
3524,390.4585
3525,102.616936
3526,119.030975
3527,204.31133
3528,355.05536
3529,102.003174
3530,120.38843
3531,194.26459
3532,347.832
3533,324.93948
3534,343.73645
3535,221.26768
3536,356.76053
3537,148.48758
3538,341.48764
3539,278.4835
3540,152.32954
3541,76.723366
3542,95.703545
3543,65.9481
3544,159.35028
3545,47.824863
3546,230.4251
3547,143.41667
3548,166.27379
3549,147.34082
3550,57.47996
3551,262.5756
3552,117.68407
3553,112.49215
3554,150.41664
3555,64.48291
3556,59.780403
3557,231.48955
3558,112.41323
3559,73.573784
3560,130.72375
3561,129.79327
3562,102.042946
3563,141.73393
3564,76.010956
3565,99.291435
3566,76.43402
3567,101.31909
3568,106.435104
3569,143.1067
3570,104.63726
3571,129.09326
3572,280.78464
3573,288.75955
3574,289.3139
3575,129.66013
3576,202.68459
3577,86.10919
3578,188.61122
3579,91.2134
3580,284.02225
3581,180.51785
3582,301.74963
3583,102.87653
3584,72.34595
3585,162.01883
3586,52.219994
3587,132.73491
3588,395.4262
3589,147.0141
3590,160.06514
3591,82.545784
3592,288.71555
3593,397.63223
3594,225.75285
3595,204.09148
3596,361.58908
3597,401.4392
3598,231.03534
3599,373.37772
3600,388.47934
3601,304.61273
3602,324.57742
3603,216.65565
3604,337.21503
3605,144.98526
3606,327.52014
3607,262.2424
3608,146.34326
3609,72.5531
3610,57.83681
3611,262.25327
3612,117.15945
3613,99.26806
3614,67.14098
3615,48.654697
3616,89.546104
3617,93.97971
3618,99.78836
3619,116.9133
3620,190.60309
3621,328.419
3622,240.03152
3623,152.59314
3624,180.15541
3625,158.23491
3626,182.35716
3627,143.9632
3628,149.61867
3629,116.795296
3630,115.65743
3631,165.62302
3632,256.58044
3633,75.4388
3634,92.07001
3635,66.05554
3636,48.24855
3637,88.965096
3638,93.35293
3639,305.1364
3640,323.80286
3641,216.41646
3642,337.58716
3643,144.51451
3644,327.39438
3645,262.5735
3646,146.01389
3647,72.57346
3648,249.21477
3649,85.67357
3650,264.52798
3651,427.01843
3652,358.2474
3653,350.46304
3654,154.37216
3655,154.51025
3656,430.69464
3657,341.47015
3658,255.80782
3659,84.676735
3660,141.01102
3661,152.83649
3662,229.72627
3663,140.06346
3664,164.30554
3665,150.64404
3666,94.690735
3667,67.71245
3668,146.22488
3669,47.634148
3670,114.254875
3671,125.136246
3672,184.09091
3673,103.57331
3674,197.5714
3675,158.0281
3676,78.07851
3677,179.10802
3678,307.37833
3679,297.2665
3680,327.64154
3681,136.73978
3682,200.35608
3683,85.8561
3684,187.18153
3685,88.510925
3686,295.0939
3687,186.03012
3688,345.41733
3689,225.62584
3690,142.67406
3691,165.59416
3692,147.6485
3693,236.16194
3694,146.95021
3695,173.15802
3696,152.39444
3697,71.54242
3698,119.24537
3699,101.94804
3700,132.60985
3701,72.96769
3702,71.080055
3703,71.674
3704,189.05254
3705,154.078
3706,157.43024
3707,125.60607
3708,118.670845
3709,180.15918
3710,269.1226
3711,75.79923
3712,229.20021
3713,150.19502
3714,177.33249
3715,156.06215
3716,463.17383
3717,446.58118
3718,413.36685
3719,397.12024
3720,457.61594
3721,428.54276
3722,314.63638
3723,329.1959
3724,448.76508
3725,441.00128
3726,98.21505
3727,116.03177
3728,195.06207
3729,323.0392
3730,57.968395
3731,261.05707
3732,118.11518
3733,99.48774
3734,102.94644
3735,53.53131
3736,55.605747
3737,123.355804
3738,118.24269
3739,176.12434
3740,60.83342
3741,100.78693
3742,57.21122
3743,95.41631
3744,68.553185
3745,47.888405
3746,91.27743
3747,95.71554
3748,252.04582
3749,84.59809
3750,273.5172
3751,402.87302
3752,357.7571
3753,344.88373
3754,152.15234
3755,152.67828
3756,431.05338
3757,337.76147
3758,253.17622
3759,83.18509
3760,106.04417
3761,124.23325
3762,208.34315
3763,366.65326
3764,234.28789
3765,146.71642
3766,169.34984
3767,150.02588
3768,117.96987
3769,126.6741
3770,188.75237
3771,109.73394
3772,211.55188
3773,164.51628
3774,80.24599
3775,180.19655
3776,83.99469
3777,48.148697
3778,109.12348
3779,146.7544
3780,62.309658
3781,57.772713
3782,222.7473
3783,108.96221
3784,71.589584
3785,128.40877
3786,127.35507
3787,101.31258
3788,104.53131
3789,54.927547
3790,55.35578
3791,125.569885
3792,120.546265
3793,176.72913
3794,59.61131
3795,100.87663
3796,57.857716
3797,107.0814
3798,134.95332
3799,131.43185
3800,139.85484
3801,174.71097
3802,135.88516
3803,247.7391
3804,86.40076
3805,68.465836
3806,144.7532
3807,215.625
3808,70.911606
3809,147.82654
3810,143.98254
3811,123.175674
3812,105.87831
3813,171.96922
3814,104.51166
3815,171.25966
3816,142.59889
3817,118.07585
3818,85.61183
3819,83.26895
3820,120.36617
3821,63.931675
3822,67.195015
3823,88.713394
3824,83.747536
3825,91.3144
3826,64.07849
3827,66.85013
3828,58.94129
3829,279.58948
3830,121.22706
3831,100.92529
3832,365.5278
3833,113.47814
3834,240.67113
3835,265.1366
3836,92.58621
3837,288.43588
3838,456.46136
3839,389.3636
3840,381.4802
3841,163.79688
3842,163.38185
3843,454.50513
3844,369.16208
3845,270.2794
3846,93.03038
3847,102.90221
3848,70.57499
3849,158.24834
3850,49.92399
3851,128.62755
3852,392.44736
3853,146.60829
3854,159.92238
3855,80.577805
3856,281.0748
3857,349.631
3858,232.71262
3859,202.23582
3860,357.25867
3861,359.59583
3862,235.07112
3863,357.86618
3864,392.8921
3865,179.22595
3866,116.431755
3867,128.21698
3868,82.08206
3869,124.55943
3870,194.66087
3871,161.35632
3872,245.35785
3873,268.3363
3874,163.29344
3875,172.18266
3876,61.918167
3877,280.46805
3878,123.59206
3879,316.22583
3880,293.02487
3881,332.6752
3882,131.83855
3883,195.70296
3884,83.85646
3885,179.87671
3886,84.11405
3887,311.5786
3888,181.39598
3889,337.33356
3890,143.27669
3891,122.88997
3892,105.75703
3893,165.78825
3894,103.43243
3895,166.09183
3896,143.07156
3897,118.4666
3898,88.203384
3899,45.358448
3900,48.118546
3901,110.5602
3902,144.33064
3903,142.80367
3904,149.49147
3905,192.8672
3906,146.01688
3907,282.66675
3908,86.94933
3909,68.74792
3910,148.959
3911,247.02281
3912,72.56092
3913,152.35916
3914,88.96116
3915,46.21993
3916,48.89417
3917,271.22067
3918,85.405045
3919,298.9529
3920,424.29782
3921,400.51086
3922,397.64035
3923,152.87544
3924,153.69397
3925,442.33698
3926,395.05743
3927,244.21877
3928,83.74858
3929,173.14899
3930,233.28044
3931,298.42908
3932,67.45337
3933,144.19559
3934,134.91132
3935,212.67099
3936,237.22278
3937,109.91645
3938,193.9593
3939,69.9898
3940,137.23497
3941,416.15097
3942,153.94762
3943,166.14824
3944,85.335655
3945,287.8468
3946,421.99506
3947,238.5581
3948,221.62526
3949,407.2268
3950,414.01428
3951,242.57108
3952,396.27332
3953,414.91083
3954,102.27192
3955,141.6435
3956,75.89878
3957,99.200424
3958,76.9734
3959,104.026184
3960,108.17878
3961,142.91606
3962,104.6082
3963,129.06424
3964,493.078
3965,470.83054
3966,381.41162
3967,421.0633
3968,477.73694
3969,440.86383
3970,326.53287
3971,352.81662
3972,476.67468
3973,465.7962
3974,61.92248
3975,283.9349
3976,125.88999
3977,296.79465
3978,94.37876
3979,318.66055
3980,465.9721
3981,439.55725
3982,428.41287
3983,166.91591
3984,166.8997
3985,467.33655
3986,437.54263
3987,283.61035
3988,93.46762
3989,141.95175
3990,121.93345
3991,105.18199
3992,167.00638
3993,102.106636
3994,166.1597
3995,142.09158
3996,124.8011
3997,137.48354
3998,411.38626
3999,152.95361
4000,167.68008
4001,87.481316
4002,296.34372
4003,417.5072
4004,238.76157
4005,212.69962
4006,385.07056
4007,417.36826
4008,244.75871
4009,402.25696
4010,409.78464
4011,423.9046
4012,407.494
4013,333.4663
4014,356.58835
4015,449.82947
4016,421.22687
4017,303.51224
4018,307.37848
4019,447.15225
4020,442.97836
4021,80.38398
4022,42.66698
4023,45.213413
4024,317.01007
4025,321.2477
4026,235.46593
4027,352.20993
4028,146.06125
4029,330.14468
4030,227.44078
4031,145.69498
4032,74.09133
4033,283.7049
4034,86.458305
4035,300.15433
4036,428.61142
4037,411.21155
4038,406.84952
4039,157.22621
4040,158.2306
4041,450.75296
4042,413.74545
4043,271.016
4044,86.807755
4045,92.43439
4046,293.179
4047,106.62087
4048,211.3947
4049,100.96818
4050,116.1732
4051,206.46495
4052,323.17114
4053,84.923935
4054,116.75581
4055,89.93324
4056,158.70805
4057,86.61547
4058,79.94463
4059,95.3756
4060,92.22393
4061,177.20233
4062,169.79459
4063,110.158554
4064,120.97858
4065,77.797676
4066,118.35807
4067,184.57304
4068,150.7329
4069,236.95425
4070,248.76147
4071,154.08495
4072,162.56084
4073,179.61964
4074,151.01933
4075,156.12152
4076,115.15641
4077,115.41839
4078,163.15886
4079,259.90097
4080,75.63963
4081,312.21756
4082,340.59192
4083,205.22794
4084,348.26428
4085,146.53307
4086,313.73517
4087,201.15945
4088,146.42769
4089,72.39665
4090,182.726
4091,153.3582
4092,157.34247
4093,132.38629
4094,117.294846
4095,177.1706
4096,287.2975
4097,75.34653
4098,102.19786
4099,69.74523
4100,50.164047
4101,97.50093
4102,100.378044
4103,301.223
4104,92.895874
4105,320.67264
4106,465.68915
4107,442.18637
4108,437.6904
4109,164.7872
4110,165.89462
4111,476.1115
4112,435.5635
4113,263.0805
4114,93.0793
4115,83.02044
4116,80.9076
4117,116.47846
4118,63.84354
4119,62.893402
4120,83.57998
4121,82.13194
4122,88.175865
4123,60.86903
4124,62.6769
4125,192.16405
4126,234.04893
4127,324.22858
4128,69.750656
4129,154.4973
4130,138.14522
4131,221.2932
4132,258.03897
4133,117.91099
4134,197.88756
4135,74.64028
4136,329.46265
4137,345.667
4138,240.89174
4139,359.83643
4140,150.84677
4141,342.42593
4142,266.68137
4143,153.94627
4144,78.35067
4145,67.7612
4146,116.28892
4147,96.69089
4148,125.63992
4149,68.770966
4150,66.43901
4151,336.32428
4152,333.67554
4153,349.2078
4154,137.9991
4155,217.54858
4156,87.57797
4157,188.444
4158,88.08722
4159,337.32358
4160,189.97612
4161,357.55893
4162,104.75351
4163,131.48169
4164,129.5476
4165,139.71295
4166,165.71141
4167,135.85555
4168,244.08328
4169,86.22534
4170,68.363495
4171,144.5582
4172,215.24898
4173,70.654
4174,147.6642
4175,73.86022
4176,120.328766
4177,103.353806
4178,137.2694
4179,75.76621
4180,73.59177
4181,73.470535
4182,94.43385
4183,334.5637
4184,107.35147
4185,230.26443
4186,59.774544
4187,270.95123
4188,121.27163
4189,110.47252
4190,142.84785
4191,140.79497
4192,148.645
4193,177.36177
4194,143.48602
4195,256.46674
4196,87.44691
4197,68.9659
4198,153.10646
4199,226.42427
4200,73.04418
4201,154.75446
4202,418.09662
4203,387.0067
4204,385.83405
4205,405.07553
4206,482.93332
4207,426.49188
4208,316.2896
4209,343.09247
4210,480.0706
4211,444.18915
4212,177.52272
4213,145.78496
4214,150.9047
4215,127.14967
4216,112.149376
4217,168.43729
4218,277.0045
4219,71.49796
4220,98.80696
4221,67.17878
4222,166.89966
4223,49.781067
4224,235.39421
4225,147.04634
4226,171.9043
4227,156.5281
4228,105.227
4229,72.50882
4230,166.2918
4231,52.17138
4232,138.35359
4233,150.02042
4234,94.79377
4235,281.85242
4236,104.522156
4237,206.4737
4238,282.191
4239,284.96838
4240,283.8525
4241,132.593
4242,201.12921
4243,85.751144
4244,186.68207
4245,90.25247
4246,280.21964
4247,181.17639
4248,301.1061
4249,128.84727
4250,393.75394
4251,146.8539
4252,158.0434
4253,78.18415
4254,283.3654
4255,392.57278
4256,225.95114
4257,209.86063
4258,384.67914
4259,388.252
4260,230.17351
4261,369.53445
4262,398.5703
4263,185.02887
4264,241.03662
4265,314.25174
4266,74.03561
4267,157.96722
4268,144.17542
4269,227.13426
4270,246.14854
4271,119.19654
4272,208.8778
4273,75.261154
4274,241.11688
4275,149.92966
4276,177.66171
4277,160.12567
4278,178.865
4279,215.92555
4280,304.77148
4281,60.997787
4282,145.13553
4283,132.24022
4284,209.91724
4285,250.69386
4286,110.825066
4287,186.82784
4288,70.362686
4289,244.63039
4290,154.57416
4291,182.55373
4292,156.72154
4293,281.61047
4294,282.4949
4295,308.65018
4296,133.81976
4297,203.67249
4298,85.32046
4299,185.60359
4300,88.11446
4301,281.21237
4302,181.93684
4303,314.7981
4304,345.5789
4305,364.4684
4306,217.65396
4307,369.3987
4308,155.7561
4309,327.53717
4310,211.59813
4311,157.90567
4312,81.17208
4313,224.95833
4314,146.74881
4315,172.9449
4316,152.80254
4317,93.75371
4318,67.11086
4319,148.79202
4320,46.959843
4321,57.494057
4322,261.36703
4323,118.08898
4324,81.446175
4325,78.76719
4326,114.23069
4327,61.729584
4328,83.39709
4329,79.58526
4330,85.62674
4331,60.072414
4332,58.874622
4333,271.61542
4334,120.29352
4335,110.80979
4336,139.09921
4337,138.98256
4338,144.13904
4339,200.389
4340,139.64804
4341,276.26892
4342,84.20984
4343,66.27074
4344,143.60681
4345,243.85718
4346,69.45149
4347,154.19815
4348,175.59401
4349,127.268776
4350,150.27394
4351,79.93849
4352,124.80591
4353,192.40578
4354,172.638
4355,266.86392
4356,300.3293
4357,175.62698
4358,175.95306
4359,112.49976
4360,154.39769
4361,64.74142
4362,59.78573
4363,240.09848
4364,114.59847
4365,73.6572
4366,132.85013
4367,132.55315
4368,82.7075
4369,81.673
4370,118.16412
4371,64.7802
4372,87.22444
4373,81.820496
4374,88.79044
4375,63.65589
4376,101.1518
4377,116.90427
4378,206.31691
4379,324.2918
4380,330.06366
4381,339.47437
4382,244.50455
4383,368.8421
4384,155.46265
4385,346.88565
4386,237.89326
4387,156.70097
4388,79.06624
4389,143.3601
4390,123.06101
4391,104.66195
4392,166.05377
4393,101.97122
4394,165.35019
4395,142.48068
4396,115.503914
4397,100.57084
4398,138.99063
4399,74.74733
4400,97.65862
4401,75.79781
4402,99.58801
4403,105.514656
4404,139.62662
4405,103.25865
4406,127.3792
4407,81.648994
4408,79.399506
4409,114.333
4410,62.44311
4411,61.186512
4412,83.57031
4413,79.51487
4414,86.37392
4415,60.099976
4416,61.26991
4417,58.01047
4418,262.1889
4419,117.0678
4420,336.8144
4421,349.67838
4422,251.83514
4423,374.01947
4424,158.00688
4425,354.35095
4426,237.89606
4427,158.4646
4428,81.54562
4429,89.18067
4430,120.25169
4431,94.83224
4432,165.89574
4433,89.93111
4434,85.14584
4435,99.06581
4436,92.544586
4437,186.5431
4438,188.46852
4439,160.10297
4440,163.34926
4441,137.13391
4442,122.15919
4443,182.95268
4444,301.7816
4445,79.08464
4446,139.44847
4447,155.55371
4448,171.62808
4449,225.37985
4450,299.21988
4451,64.34187
4452,143.25656
4453,134.23035
4454,208.12067
4455,242.26433
4456,109.71492
4457,187.79749
4458,69.11848
4459,99.40129
4460,115.206635
4461,196.59596
4462,332.34207
4463,87.85134
4464,118.347145
4465,93.73848
4466,164.1408
4467,88.45234
4468,83.06896
4469,98.62964
4470,95.53255
4471,183.73506
4472,86.183624
4473,115.741165
4474,90.69476
4475,159.63504
4476,86.408325
4477,80.17223
4478,94.84334
4479,90.7126
4480,180.59311
4481,163.6356
4482,133.86794
4483,139.9603
4484,104.82551
4485,107.52787
4486,154.6376
4487,230.07275
4488,71.04754
4489,235.99982
4490,85.20373
4491,263.647
4492,397.86145
4493,350.85226
4494,364.08636
4495,152.64418
4496,145.48537
4497,427.67923
4498,331.83252
4499,251.31004
4500,83.574844
4501,111.136215
4502,139.81764
4503,135.62971
4504,145.6851
4505,173.51302
4506,141.65964
4507,255.90959
4508,91.70907
4509,72.49609
4510,153.15085
4511,227.60875
4512,74.04583
4513,160.23767
4514,128.35414
4515,386.83264
4516,146.03078
4517,160.20055
4518,83.61415
4519,287.21506
4520,385.32895
4521,227.42073
4522,199.33156
4523,357.1348
4524,357.28928
4525,228.63457
4526,348.0717
4527,392.71954
4528,93.339424
4529,66.21125
4530,153.37405
4531,47.376545
4532,97.22596
4533,306.1778
4534,109.80627
4535,222.29883
4536,289.42902
4537,90.14084
4538,315.06076
4539,446.76428
4540,420.77524
4541,417.28262
4542,160.48578
4543,161.70128
4544,459.44363
4545,415.54736
4546,257.4478
4547,89.33981
4548,130.8557
4549,70.98584
4550,68.56576
4551,139.03003
4552,76.77135
4553,71.08788
4554,99.25827
4555,67.0623
4556,49.26267
4557,94.61637
4558,96.08066
4559,60.968292
4560,282.31406
4561,123.838844
4562,103.592545
4563,105.59536
4564,56.27108
4565,123.133644
4566,120.91333
4567,61.09595
4568,58.67566
4569,99.440216
4570,117.012474
4571,194.23515
4572,339.85037
4573,255.56792
4574,151.62715
4575,110.473305
4576,152.0512
4577,172.60098
4578,146.92422
4579,109.2634
4580,90.77006
4581,108.57443
4582,81.33303
4583,79.123535
4584,85.79821
4585,117.54038
4586,91.25928
4587,156.2568
4588,85.16365
4589,78.34784
4590,91.652466
4591,89.39593
4592,179.88853
4593,135.30177
4594,149.19397
4595,174.9782
4596,139.85487
4597,144.02267
4598,109.935356
4599,108.808586
4600,157.93518
4601,243.03284
4602,71.369934
4603,108.35612
4604,125.2536
4605,223.86523
4606,338.02942
4607,137.3087
4608,149.35362
4609,186.82306
4610,233.93835
4611,317.57416
4612,70.988914
4613,153.57916
4614,141.05217
4615,218.18683
4616,232.06058
4617,117.49812
4618,204.99791
4619,74.605385
4620,423.52438
4621,408.18872
4622,340.7711
4623,360.072
4624,455.30832
4625,429.03662
4626,306.03607
4627,311.2742
4628,452.20346
4629,449.59778
4630,100.98399
4631,68.80448
4632,169.75665
4633,52.758537
4634,319.16016
4635,337.18494
4636,238.54553
4637,351.0104
4638,145.57521
4639,336.93228
4640,257.56635
4641,147.512
4642,76.00197
4643,268.5564
4644,92.86545
4645,298.51578
4646,437.31107
4647,385.73868
4648,379.97244
4649,164.28685
4650,165.2058
4651,459.43536
4652,368.0564
4653,265.81668
4654,92.96363
4655,334.0904
4656,353.52277
4657,228.66653
4658,367.9741
4659,153.08795
4660,346.3431
4661,286.59973
4662,156.2127
4663,78.91548
4664,240.762
4665,151.16829
4666,178.8938
4667,156.82054
4668,60.947807
4669,288.1525
4670,124.13886
4671,96.535614
4672,114.7303
4673,205.07738
4674,336.99268
4675,130.4541
4676,398.58002
4677,148.87651
4678,159.62338
4679,82.94275
4680,283.79764
4681,397.6483
4682,226.59908
4683,211.5213
4684,388.13278
4685,392.74905
4686,232.24706
4687,373.35327
4688,403.59103
4689,57.278194
4690,268.34515
4691,118.13797
4692,101.848404
4693,121.30842
4694,198.01602
4695,344.3533
4696,92.43439
4697,289.16425
4698,106.62087
4699,208.5427
4700,108.76174
4701,125.43763
4702,225.41855
4703,347.09836
4704,100.46341
4705,70.70398
4706,155.9201
4707,51.171078
4708,240.53482
4709,146.68553
4710,172.53418
4711,153.3294
4712,121.57083
4713,137.06828
4714,206.12259
4715,119.26843
4716,226.54782
4717,170.50255
4718,80.98519
4719,200.22112
4720,103.16693
4721,105.037575
4722,57.58592
4723,56.46808
4724,126.60578
4725,124.705795
4726,181.59154
4727,61.133514
4728,103.11767
4729,59.701675
4730,88.29748
4731,117.94959
4732,94.45915
4733,169.17612
4734,89.0875
4735,83.577675
4736,98.22325
4737,97.53415
4738,189.1545
4739,248.62021
4740,84.70609
4741,263.89658
4742,424.39072
4743,355.16608
4744,346.0132
4745,152.09142
4746,151.37833
4747,426.76767
4748,337.3346
4749,254.30305
4750,83.35991
4751,110.42994
4752,111.26225
4753,58.212265
4754,60.550022
4755,129.18423
4756,126.91238
4757,182.72377
4758,63.23584
4759,109.385254
4760,60.82584
4761,123.63008
4762,125.207954
4763,204.76962
4764,115.25586
4765,210.21017
4766,170.65392
4767,84.80216
4768,194.0459
4769,99.4529
4770,102.7616
4771,55.01611
4772,120.81048
4773,118.14682
4774,59.42333
4775,56.329704
4776,114.21197
4777,150.76764
4778,64.57906
4779,60.29249
4780,218.24007
4781,113.20992
4782,70.840996
4783,123.64787
4784,121.52223
4785,117.14852
4786,154.40619
4787,66.84461
4788,61.495358
4789,239.12277
4790,120.240944
4791,76.595474
4792,138.33525
4793,138.10944
4794,176.68962
4795,233.19727
4796,298.10962
4797,67.67808
4798,148.5812
4799,138.31636
4800,220.62796
4801,258.13452
4802,114.39134
4803,198.85112
4804,72.4473
4805,88.37362
4806,119.48986
4807,93.23938
4808,165.47314
4809,87.264435
4810,83.120026
4811,97.526665
4812,93.99304
4813,187.28767
4814,87.2629
4815,46.471992
4816,48.1925
4817,57.494057
4818,262.82007
4819,118.15715
4820,334.92258
4821,354.66956
4822,225.43625
4823,362.52655
4824,153.26186
4825,347.94263
4826,224.91937
4827,152.76201
4828,77.95827
4829,313.40726
4830,341.46402
4831,205.41832
4832,349.30524
4833,146.62137
4834,313.89044
4835,200.8279
4836,146.17116
4837,72.778015
4838,122.70176
4839,127.91788
4840,197.25256
4841,112.77725
4842,207.90247
4843,170.12093
4844,84.39213
4845,190.02477
4846,109.48873
4847,125.29732
4848,224.99905
4849,380.48575
4850,89.34566
4851,86.65297
4852,126.1095
4853,68.5765
4854,69.79879
4855,91.15068
4856,87.27175
4857,93.023796
4858,68.62823
4859,68.70271
4860,462.8428
4861,479.29868
4862,387.8414
4863,442.72424
4864,483.02136
4865,455.07922
4866,326.48282
4867,343.29126
4868,480.78018
4869,477.49847
4870,155.89124
4871,115.422356
4872,156.18472
4873,177.9886
4874,152.3821
4875,114.8525
4876,94.05052
4877,114.334755
4878,82.31347
4879,134.58603
4880,73.05543
4881,68.87189
4882,98.989
4883,115.752235
4884,206.12662
4885,340.6123
4886,103.42061
4887,70.72799
4888,164.15901
4889,52.490715
4890,102.55677
4891,70.88213
4892,170.24101
4893,52.84698
4894,283.81155
4895,290.6238
4896,302.5716
4897,139.00168
4898,208.06024
4899,88.496506
4900,195.02585
4901,91.646675
4902,300.51617
4903,187.36176
4904,337.98264
4905,79.152466
4906,43.89372
4907,116.29983
4908,156.49158
4909,66.35683
4910,60.607464
4911,242.84288
4912,117.48448
4913,75.23937
4914,136.72813
4915,136.52342
4916,87.82376
4917,115.37898
4918,90.62619
4919,158.62799
4920,85.29234
4921,80.423225
4922,94.70421
4923,87.81647
4924,182.28816
4925,84.07033
4926,118.2416
4927,91.93135
4928,154.37164
4929,84.50481
4930,77.573715
4931,91.12166
4932,89.71387
4933,177.71329
4934,170.00662
4935,108.24188
4936,122.58082
4937,75.35697
4938,120.15029
4939,179.28114
4940,161.43333
4941,245.97145
4942,252.4572
4943,164.83444
4944,166.3791
4945,170.75223
4946,114.25065
4947,128.40567
4948,76.57158
4949,121.27391
4950,178.62901
4951,168.76129
4952,248.27165
4953,257.73105
4954,169.72234
4955,170.40456
4956,242.95135
4957,86.5085
4958,272.51932
4959,406.54922
4960,360.05878
4961,379.62045
4962,155.58069
4963,148.10675
4964,434.08932
4965,345.4299
4966,251.36903
4967,86.18127
4968,149.7843
4969,122.911156
4970,108.05055
4971,175.01785
4972,105.92079
4973,173.14676
4974,148.11998
4975,120.84256
4976,145.68774
4977,132.71442
4978,109.8231
4979,174.91263
4980,107.756714
4981,174.61288
4982,145.51581
4983,122.90334
4984,148.00371
4985,130.66122
4986,107.42757
4987,174.88974
4988,106.487946
4989,174.82048
4990,147.10533
4991,119.55973
4992,102.05449
4993,119.07879
4994,203.16943
4995,348.35712
4996,282.7043
4997,88.88891
4998,319.19437
4999,449.9689
5000,412.18585
5001,423.41125
5002,161.13824
5003,164.38492
5004,468.08026
5005,380.27316
5006,256.9365
5007,91.57951
5008,128.89127
5009,393.5353
5010,147.28374
5011,157.91646
5012,80.432144
5013,281.26575
5014,392.72754
5015,224.04842
5016,207.87134
5017,384.92035
5018,389.283
5019,228.1146
5020,370.5414
5021,398.7063
5022,135.89983
5023,411.19766
5024,152.10309
5025,162.2058
5026,84.36344
5027,299.97086
5028,415.6049
5029,235.47112
5030,205.3717
5031,381.7111
5032,419.38315
5033,242.91783
5034,402.25076
5035,408.47534
5036,61.918167
5037,280.10745
5038,125.66025
5039,120.17327
5040,135.61871
5041,200.22578
5042,119.91612
5043,217.23196
5044,170.50174
5045,81.35557
5046,185.93295
5047,69.5975
5048,116.86893
5049,99.566086
5050,130.60864
5051,70.67064
5052,69.06218
5053,69.724106
5054,239.12737
5055,145.01334
5056,170.89607
5057,152.26889
5058,112.48929
5059,146.61057
5060,143.89542
5061,150.81882
5062,197.7464
5063,148.32518
5064,279.44016
5065,89.164856
5066,70.71225
5067,157.33223
5068,243.97278
5069,74.88511
5070,157.75014
5071,69.89468
5072,118.29596
5073,99.76262
5074,129.74998
5075,72.09202
5076,69.64572
5077,70.05577
5078,182.93982
5079,238.87112
5080,316.32755
5081,68.98034
5082,150.05771
5083,138.05457
5084,215.84663
5085,244.73146
5086,114.50151
5087,198.85611
5088,72.36495
5089,323.7956
5090,306.2445
5091,347.48264
5092,139.73528
5093,205.77849
5094,89.10631
5095,190.81966
5096,91.22263
5097,328.1092
5098,189.27646
5099,356.371
5100,188.28226
5101,213.00276
5102,307.19278
5103,71.53092
5104,153.55058
5105,140.51918
5106,217.79321
5107,200.92148
5108,117.12252
5109,194.45032
5110,74.59997
5111,70.46502
5112,118.46688
5113,99.85912
5114,133.17873
5115,72.12823
5116,69.88373
5117,70.96898
5118,148.95811
5119,165.2098
5120,94.41795
5121,67.80128
5122,145.80057
5123,47.322548
5124,94.12235
5125,67.74317
5126,143.22331
5127,46.959843
5128,173.9767
5129,115.6837
5130,128.5666
5131,81.387024
5132,125.32776
5133,195.59442
5134,165.10916
5135,256.80453
5136,266.54816
5137,169.48772
5138,173.15012
5139,62.18599
5140,276.60837
5141,122.55598
5142,93.96108
5143,66.82452
5144,149.68286
5145,47.336193
5146,84.35045
5147,82.40373
5148,121.57224
5149,64.83859
5150,65.62258
5151,87.18119
5152,82.468124
5153,89.012955
5154,63.49281
5155,64.1427
5156,170.75223
5157,114.25065
5158,128.40567
5159,76.57158
5160,121.27391
5161,178.62901
5162,168.76129
5163,248.27165
5164,257.73105
5165,169.72234
5166,170.40456
5167,112.01644
5168,119.385544
5169,187.18382
5170,103.683266
5171,192.60025
5172,156.54005
5173,76.15302
5174,175.76662
5175,76.654655
5176,122.02343
5177,108.10385
5178,142.26668
5179,77.402695
5180,76.62077
5181,76.58935
5182,71.07301
5183,117.58276
5184,101.048805
5185,130.8859
5186,72.50111
5187,69.749176
5188,127.81221
5189,392.10248
5190,139.85973
5191,150.66106
5192,77.658455
5193,284.02365
5194,318.33206
5195,225.95
5196,200.80566
5197,356.77072
5198,356.44675
5199,230.47842
5200,354.47366
5201,378.65918
5202,444.33237
5203,421.78107
5204,359.77316
5205,382.11276
5206,469.80438
5207,448.5776
5208,315.62717
5209,329.4771
5210,472.23523
5211,471.4928
5212,84.638535
5213,82.145
5214,118.77135
5215,64.060326
5216,87.52266
5217,82.59129
5218,90.34178
5219,65.68694
5220,232.61823
5221,142.25067
5222,164.45744
5223,146.81818
5224,494.21854
5225,470.32532
5226,434.11618
5227,436.85623
5228,480.94946
5229,451.09476
5230,326.2978
5231,355.99036
5232,479.67215
5233,466.04794
5234,500.88968
5235,478.8443
5236,449.62534
5237,434.55515
5238,489.43588
5239,461.07022
5240,331.6287
5241,361.51077
5242,487.57477
5243,474.35614
5244,101.252556
5245,102.66153
5246,55.510376
5247,55.864986
5248,123.9143
5249,120.63294
5250,175.79968
5251,60.67988
5252,100.111626
5253,58.550568
5254,186.47066
5255,154.99802
5256,158.54791
5257,134.05496
5258,118.693924
5259,180.50006
5260,300.87033
5261,75.72876
5262,113.72438
5263,122.61945
5264,185.74179
5265,105.36964
5266,206.00113
5267,160.96848
5268,77.049095
5269,176.33984
5270,110.529106
5271,112.89015
5272,59.870747
5273,61.90313
5274,131.639
5275,129.28331
5276,185.16049
5277,65.16593
5278,109.53318
5279,63.330967
5280,105.23734
5281,121.23429
5282,204.55373
5283,346.3511
5284,236.09692
5285,85.22815
5286,263.7602
5287,397.37204
5288,351.02933
5289,363.84692
5290,152.67151
5291,145.47966
5292,428.64865
5293,332.14102
5294,251.55164
5295,83.24189
5296,56.617054
5297,259.06534
5298,114.21387
5299,165.52815
5300,108.46191
5301,121.39616
5302,75.575294
5303,118.83696
5304,184.92273
5305,153.666
5306,241.77367
5307,250.26627
5308,158.00975
5309,165.54231
5310,152.0807
5311,156.75316
5312,88.68836
5313,47.787914
5314,50.080074
5315,97.71476
5316,68.2384
5317,136.92584
5318,48.327366
5319,168.68018
5320,221.51399
5321,298.38336
5322,61.871788
5323,143.98387
5324,131.53996
5325,209.06412
5326,243.21523
5327,109.99978
5328,188.28712
5329,70.37935
5330,83.74267
5331,122.52628
5332,95.54178
5333,173.58786
5334,95.494965
5335,88.69539
5336,101.02933
5337,97.23231
5338,188.857
5339,107.71643
5340,144.70605
5341,60.77287
5342,56.93418
5343,200.04507
5344,107.05144
5345,67.61599
5346,115.08634
5347,113.2258
5348,232.61823
5349,142.25067
5350,164.45744
5351,146.81818
5352,228.57193
5353,151.10841
5354,178.92874
5355,156.17255
5356,103.24165
5357,71.64958
5358,157.48183
5359,51.495552
5360,88.298
5361,117.76423
5362,93.53219
5363,164.12186
5364,87.343796
5365,84.43457
5366,97.48451
5367,92.72977
5368,187.19873
5369,260.3853
5370,153.65549
5371,113.317345
5372,155.12457
5373,176.30182
5374,153.3258
5375,111.148026
5376,91.63516
5377,110.8748
5378,82.76724
5379,80.299416
5380,86.697945
5381,47.841805
5382,258.18158
5383,87.22348
5384,283.5014
5385,414.24005
5386,365.98495
5387,359.11237
5388,157.52797
5389,158.33781
5390,443.04498
5391,347.1724
5392,256.27533
5393,86.34186
5394,111.677025
5395,112.48815
5396,58.941772
5397,61.40258
5398,131.05487
5399,129.19635
5400,185.50174
5401,65.2725
5402,109.51463
5403,62.16228
5404,193.59982
5405,159.49132
5406,162.13673
5407,129.39525
5408,122.31856
5409,184.90881
5410,281.78107
5411,79.542564
5412,89.2397
5413,120.8518
5414,95.82557
5415,163.8592
5416,88.67839
5417,83.561485
5418,97.64366
5419,92.601654
5420,184.35422
5421,69.333374
5422,116.09128
5423,99.50193
5424,130.80771
5425,70.52893
5426,68.538345
5427,69.574196
5428,423.52475
5429,441.6906
5430,361.2492
5431,391.3416
5432,446.00888
5433,415.04025
5434,307.64066
5435,306.21414
5436,441.10477
5437,438.7721
5438,107.24888
5439,140.57697
5440,138.99857
5441,145.72925
5442,187.80577
5443,142.02737
5444,273.49457
5445,84.53147
5446,66.63708
5447,146.2639
5448,235.93114
5449,70.77316
5450,148.49396
5451,336.00806
5452,349.02747
5453,252.01396
5454,373.5667
5455,156.16939
5456,354.36075
5457,236.93321
5458,156.78664
5459,81.82441
5460,80.55025
5461,42.24004
5462,45.06213
5463,117.65727
5464,119.97546
5465,193.11372
5466,111.23769
5467,196.58455
5468,164.5266
5469,85.16336
5470,184.28893
5471,171.62808
5472,225.37985
5473,299.21988
5474,64.34187
5475,143.25656
5476,134.23035
5477,208.12067
5478,242.26433
5479,109.71492
5480,187.79749
5481,69.11848
5482,94.15197
5483,67.11958
5484,155.33908
5485,47.717987
5486,82.88019
5487,80.86357
5488,117.30329
5489,63.70856
5490,63.007103
5491,84.626526
5492,81.425156
5493,88.7335
5494,61.56019
5495,63.54
5496,255.07062
5497,150.14919
5498,110.46062
5499,150.51643
5500,171.56087
5501,145.94533
5502,108.80379
5503,90.04527
5504,108.11482
5505,81.23624
5506,78.520836
5507,134.98163
5508,406.4849
5509,151.77618
5510,167.486
5511,86.65236
5512,295.701
5513,412.63538
5514,236.5734
5515,208.48792
5516,377.66876
5517,383.07385
5518,237.17067
5519,375.21365
5520,406.73215
5521,127.14289
5522,382.42163
5523,144.94101
5524,153.25276
5525,78.40261
5526,286.2653
5527,379.1446
5528,220.25938
5529,188.7682
5530,355.55478
5531,388.22983
5532,229.36255
5533,370.0729
5534,386.0239
5535,137.18456
5536,97.739655
5537,74.36183
5538,99.76087
5539,104.51663
5540,136.4835
5541,101.84319
5542,126.895706
5543,87.45315
5544,85.27674
5545,119.66677
5546,67.396805
5547,66.69127
5548,88.34877
5549,85.57885
5550,92.07878
5551,65.64886
5552,67.559616
5553,146.21947
5554,129.342
5555,106.350174
5556,170.23712
5557,103.96335
5558,169.6156
5559,145.6098
5560,128.54091
5561,150.3436
5562,128.15436
5563,107.13948
5564,175.09596
5565,105.566826
5566,174.36667
5567,148.63127
5568,121.83612
5569,89.02737
5570,47.554005
5571,49.403275
5572,132.62587
5573,395.24823
5574,146.84209
5575,159.89313
5576,83.2447
5577,288.35382
5578,397.4303
5579,229.49171
5580,201.4674
5581,357.5964
5582,355.63135
5583,229.13248
5584,350.01636
5585,387.4129
5586,107.11436
5587,145.2583
5588,78.64258
5589,103.28442
5590,80.0334
5591,109.168274
5592,115.75506
5593,145.27774
5594,106.26037
5595,131.54996
5596,106.83607
5597,140.39119
5598,138.58405
5599,145.77518
5600,171.83565
5601,139.76178
5602,255.17955
5603,84.65706
5604,66.59882
5605,146.05127
5606,219.18123
5607,70.72442
5608,146.76399
5609,154.45346
5610,159.65887
5611,133.61621
5612,408.7159
5613,147.72987
5614,160.80757
5615,84.14911
5616,289.1785
5617,331.8107
5618,239.39317
5619,209.42331
5620,368.68954
5621,375.0811
5622,244.17337
5623,371.81458
5624,390.50922
5625,137.63754
5626,122.380264
5627,102.93271
5628,160.8707
5629,98.98394
5630,160.85017
5631,137.57285
5632,124.92653
5633,107.7426
5634,148.37962
5635,61.947628
5636,56.676376
5637,209.5053
5638,107.17177
5639,70.41124
5640,121.58437
5641,123.295334
5642,78.493484
5643,43.030632
5644,102.44847
5645,68.94289
5646,50.169518
5647,93.406136
5648,95.86746
5649,261.0349
5650,154.56236
5651,113.16479
5652,156.86372
5653,177.8545
5654,150.64554
5655,111.13192
5656,93.21271
5657,111.14383
5658,82.387474
5659,80.657684
5660,59.127544
5661,278.24118
5662,120.38652
5663,245.45682
5664,152.49063
5665,182.18292
5666,158.38228
5667,129.27557
5668,400.77554
5669,143.07086
5670,154.52068
5671,80.61163
5672,283.38953
5673,321.85468
5674,233.5676
5675,203.96684
5676,359.0119
5677,359.57773
5678,238.36755
5679,358.01868
5680,386.52582
5681,174.48347
5682,228.53471
5683,303.42105
5684,66.42345
5685,142.7891
5686,133.94241
5687,207.6259
5688,233.88474
5689,109.120186
5690,190.75438
5691,68.91355
5692,146.31927
5693,100.58948
5694,80.741425
5695,107.21478
5696,113.01208
5697,146.5494
5698,106.12973
5699,127.19231
5700,231.40112
5701,141.83562
5702,165.33728
5703,146.92113
5704,403.99625
5705,411.9007
5706,384.7865
5707,407.7061
5708,474.74197
5709,462.09085
5710,310.18597
5711,335.53262
5712,476.32272
5713,477.64957
5714,115.46332
5715,152.05981
5716,66.50179
5717,61.334385
5718,217.9003
5719,118.22628
5720,75.759995
5721,133.48828
5722,137.51674
5723,328.198
5724,350.38937
5725,221.3301
5726,358.99957
5727,150.26985
5728,344.17438
5729,221.20923
5730,151.07315
5731,76.51705
5732,114.76435
5733,151.8509
5734,65.64239
5735,60.79566
5736,225.4833
5737,116.45879
5738,74.86812
5739,132.3086
5740,136.21939
5741,276.1536
5742,88.64029
5743,307.2498
5744,422.05734
5745,371.89157
5746,379.88077
5747,161.25418
5748,162.22276
5749,444.4073
5750,353.10638
5751,252.92891
5752,87.760124
5753,105.4701
5754,71.971695
5755,163.2595
5756,53.6328
5757,102.14375
5758,128.54263
5759,127.20534
5760,134.6989
5761,168.63965
5762,131.6439
5763,240.54916
5764,83.46203
5765,65.74632
5766,139.93942
5767,205.26088
5768,68.2741
5769,144.39342
5770,57.23131
5771,264.03107
5772,118.33264
5773,180.14441
5774,222.03683
5775,319.65866
5776,63.85853
5777,147.95906
5778,134.2409
5779,219.11769
5780,256.8546
5781,113.642075
5782,197.23177
5783,72.03813
5784,127.960434
5785,68.767105
5786,63.87998
5787,321.26172
5788,333.77878
5789,228.85863
5790,352.60757
5791,146.0118
5792,329.5348
5793,259.9899
5794,145.69498
5795,74.105965
5796,135.68896
5797,414.6069
5798,151.9451
5799,166.8053
5800,87.452995
5801,299.88693
5802,387.56897
5803,246.23784
5804,210.14668
5805,375.46304
5806,386.41824
5807,245.1997
5808,390.77164
5809,399.6776
5810,61.10548
5811,295.8349
5812,125.71774
5813,88.92491
5814,46.23388
5815,48.935143
5816,87.84831
5817,48.085766
5818,103.62074
5819,122.32343
5820,192.41373
5821,346.12518
5822,106.3158
5823,107.98464
5824,56.70588
5825,60.83056
5826,128.12445
5827,125.96047
5828,183.68094
5829,65.93675
5830,106.43806
5831,60.607906
5832,330.6203
5833,348.70477
5834,234.92642
5835,362.48843
5836,153.30992
5837,343.47806
5838,266.55112
5839,155.16484
5840,77.677086
5841,84.92563
5842,45.969124
5843,46.965458
5844,133.29411
5845,398.15073
5846,147.85922
5847,159.74507
5848,81.327126
5849,286.1928
5850,360.4595
5851,236.00458
5852,202.57387
5853,364.40167
5854,366.5146
5855,234.06259
5856,363.88425
5857,395.62283
5858,465.15186
5859,448.45026
5860,414.4869
5861,400.0501
5862,459.1473
5863,431.16968
5864,314.90503
5865,328.5109
5866,453.52838
5867,444.39496
5868,136.58556
5869,97.61428
5870,74.592224
5871,99.88661
5872,104.76502
5873,137.33492
5874,102.0975
5875,126.99894
5876,135.27185
5877,73.41921
5878,69.89091
5879,171.57079
5880,202.58887
5881,276.67636
5882,67.809654
5883,146.1184
5884,134.27055
5885,211.72845
5886,202.23283
5887,110.87907
5888,174.99934
5889,70.962975
5890,145.66019
5891,122.90795
5892,106.581825
5893,169.92967
5894,103.81065
5895,168.57521
5896,145.00916
5897,119.0575
5898,167.92682
5899,137.90146
5900,145.32458
5901,108.69281
5902,111.48658
5903,159.25279
5904,238.97327
5905,73.63913
5906,85.12823
5907,121.24607
5908,94.466515
5909,170.84274
5910,90.91726
5911,88.60428
5912,97.220795
5913,95.46922
5914,187.32556
5915,71.79049
5916,118.05379
5917,101.092316
5918,133.48376
5919,73.41092
5920,71.26047
5921,72.04047
5922,414.38474
5923,385.24615
5924,379.81616
5925,394.2584
5926,473.11618
5927,411.86777
5928,308.7578
5929,333.39474
5930,472.11902
5931,421.88113
5932,280.8771
5933,87.008766
5934,303.46692
5935,440.2905
5936,418.4616
5937,416.44577
5938,160.58092
5939,161.39444
5940,453.68228
5941,423.2385
5942,265.3204
5943,86.605644
5944,98.15755
5945,116.06735
5946,195.12648
5947,323.03284
5948,108.964615
5949,149.14346
5950,80.52838
5951,101.39149
5952,82.161
5953,112.385155
5954,117.10756
5955,149.80966
5956,106.81827
5957,129.26692
5958,271.0123
5959,82.23397
5960,306.70578
5961,417.62613
5962,387.42557
5963,395.68655
5964,152.688
5965,155.73418
5966,438.2108
5967,351.72583
5968,251.1867
5969,84.01037
5970,136.20303
5971,151.45134
5972,273.4476
5973,164.61487
5974,116.78441
5975,164.317
5976,189.14354
5977,164.73947
5978,119.64786
5979,94.36
5980,119.3081
5981,87.62446
5982,85.63995
5983,106.880974
5984,124.94905
5985,217.12794
5986,365.56448
5987,84.81448
5988,46.369583
5989,87.63721
5990,46.65952
5991,48.764526
5992,271.9584
5993,163.01329
5994,118.4826
5995,162.88911
5996,189.38065
5997,160.01106
5998,116.79453
5999,98.17876
6000,120.6953
6001,87.85178
6002,85.14805
6003,128.84727
6004,393.75394
6005,146.8539
6006,158.0434
6007,78.18415
6008,283.3654
6009,392.57278
6010,225.95114
6011,209.86063
6012,384.67914
6013,388.252
6014,230.17351
6015,369.53445
6016,398.5703
6017,106.822495
6018,71.64727
6019,169.72063
6020,52.368614
6021,93.103264
6022,67.248055
6023,48.64148
6024,88.876434
6025,93.98833
6026,101.82316
6027,119.61574
6028,207.94498
6029,333.1374
6030,56.617054
6031,260.09085
6032,112.281784
6033,172.93741
6034,111.29546
6035,124.19408
6036,79.058685
6037,121.19287
6038,188.48051
6039,155.20076
6040,241.17879
6041,255.15741
6042,157.99298
6043,166.0221
6044,106.90408
6045,123.14578
6046,214.80803
6047,362.21045
6048,349.4625
6049,340.4711
6050,360.144
6051,145.09282
6052,223.10555
6053,92.984955
6054,189.45543
6055,92.85754
6056,348.13574
6057,194.88486
6058,365.1656
6059,130.08434
6060,396.61295
6061,148.23746
6062,155.75774
6063,80.25975
6064,288.9427
6065,395.58307
6066,222.06691
6067,210.24051
6068,386.9655
6069,392.0247
6070,233.34949
6071,372.40027
6072,405.4778
6073,259.07593
6074,86.73946
6075,275.279
6076,440.49017
6077,377.05484
6078,375.3639
6079,157.66483
6080,155.69559
6081,438.7236
6082,362.87558
6083,258.33743
6084,86.68358
6085,112.43374
6086,142.20723
6087,138.51448
6088,146.87482
6089,185.08777
6090,143.46779
6091,259.14407
6092,91.8442
6093,72.51702
6094,153.64688
6095,226.87253
6096,73.99429
6097,161.17555
6098,277.9712
6099,86.071175
6100,301.0937
6101,428.4914
6102,406.90503
6103,400.6956
6104,158.53508
6105,159.57921
6106,445.4422
6107,403.65985
6108,273.19208
6109,84.135216
6110,180.14543
6111,147.88875
6112,151.34514
6113,127.634735
6114,112.14984
6115,175.04292
6116,292.97232
6117,71.88263
6118,83.90991
6119,115.68606
6120,91.204796
6121,154.39375
6122,84.618095
6123,77.52475
6124,91.141754
6125,89.63331
6126,175.45454
6127,99.67295
6128,305.2187
6129,111.5101
6130,219.0513
6131,497.3329
6132,474.71548
6133,443.4348
6134,427.79086
6135,483.16077
6136,455.26135
6137,331.29285
6138,356.3835
6139,476.7838
6140,467.7876
6141,107.687294
6142,147.34157
6143,62.29263
6144,57.66633
6145,212.72882
6146,109.32587
6147,71.62861
6148,126.23309
6149,129.89265
6150,97.43983
6151,116.43112
6152,198.28639
6153,343.83844
6154,225.99423
6155,142.19286
6156,165.59416
6157,147.6485
6158,188.09314
6159,148.64175
6160,149.76959
6161,130.60596
6162,113.88302
6163,175.65257
6164,289.21503
6165,69.737526
6166,138.71754
6167,76.510735
6168,73.849945
6169,146.4618
6170,157.55103
6171,102.54797
6172,105.32151
6173,55.260727
6174,56.039577
6175,125.808395
6176,122.56404
6177,177.09262
6178,59.845745
6179,101.54051
6180,57.95967
6181,98.637024
6182,115.08901
6183,202.55838
6184,338.69595
6185,235.66927
6186,150.9045
6187,179.05243
6188,155.55942
6189,171.2521
6190,123.93628
6191,143.84152
6192,76.82249
6193,121.18473
6194,187.02113
6195,168.4676
6196,255.3209
6197,282.74835
6198,170.67647
6199,171.56523
6200,94.362404
6201,67.742615
6202,144.04576
6203,47.336193
6204,80.851074
6205,120.46181
6206,92.889496
6207,163.73691
6208,87.833
6209,82.26487
6210,92.37337
6211,92.17283
6212,180.99557
6213,338.4203
6214,362.04697
6215,252.1959
6216,375.9021
6217,153.82278
6218,361.28305
6219,295.19754
6220,156.73357
6221,82.04024
6222,255.56792
6223,151.62715
6224,110.473305
6225,152.0512
6226,172.60098
6227,146.92422
6228,109.2634
6229,90.77006
6230,108.57443
6231,81.33303
6232,79.123535
6233,173.98222
6234,124.80805
6235,147.94199
6236,77.98038
6237,123.285645
6238,189.11723
6239,171.38997
6240,261.85144
6241,294.30032
6242,173.26294
6243,174.38727
6244,464.55093
6245,447.26575
6246,354.5753
6247,401.33838
6248,454.8401
6249,416.1117
6250,315.29236
6251,329.5289
6252,448.99866
6253,444.8096
6254,229.08667
6255,150.62296
6256,179.07825
6257,156.15184
6258,103.43352
6259,71.659645
6260,147.2464
6261,52.582993
6262,122.46009
6263,137.17465
6264,202.31992
6265,120.15781
6266,217.56483
6267,173.65541
6268,82.889854
6269,189.57799
6270,86.513916
6271,47.820793
6272,49.96951
6273,317.01108
6274,329.35446
6275,208.17027
6276,354.7464
6277,149.12279
6278,340.11765
6279,214.45494
6280,146.75194
6281,73.88404
6282,141.59111
6283,130.47925
6284,107.111084
6285,164.90895
6286,102.69554
6287,164.99498
6288,142.53088
6289,128.15567
6290,105.630325
6291,124.222275
6292,215.02759
6293,339.2127
6294,138.79245
6295,414.99728
6296,144.4888
6297,145.89523
6298,84.07745
6299,300.87
6300,316.7889
6301,242.60233
6302,197.38094
6303,372.94366
6304,378.33685
6305,218.20639
6306,385.17322
6307,348.20288
6308,97.11705
6309,114.328545
6310,199.64056
6311,336.5311
6312,188.82869
6313,213.02232
6314,304.99286
6315,71.74604
6316,153.81361
6317,140.64731
6318,218.09541
6319,200.90944
6320,116.42784
6321,195.45036
6322,74.833626
6323,258.20132
6324,86.40922
6325,278.65616
6326,408.9948
6327,358.48157
6328,344.92566
6329,155.5755
6330,158.05061
6331,433.87375
6332,336.94376
6333,256.69922
6334,84.78216
6335,94.113815
6336,309.9949
6337,107.386055
6338,218.22853
6339,60.97226
6340,296.35477
6341,125.11905
6342,79.772285
6343,42.168613
6344,44.04239
6345,73.23293
6346,118.70384
6347,102.3045
6348,137.45367
6349,74.28299
6350,71.767
6351,73.07309
6352,62.508606
6353,281.11615
6354,124.02634
6355,125.73365
6356,67.87361
6357,60.821934
6358,331.4008
6359,320.0092
6360,335.5312
6361,131.78032
6362,208.95079
6363,84.29994
6364,180.06635
6365,83.17524
6366,328.79123
6367,182.79988
6368,342.66064
6369,137.30284
6370,412.12692
6371,152.816
6372,165.31194
6373,85.24799
6374,293.96805
6375,420.8229
6376,234.57559
6377,219.7271
6378,405.8486
6379,417.87308
6380,242.37053
6381,391.25677
6382,419.0627
6383,101.54872
6384,70.30434
6385,163.81966
6386,51.49058
6387,82.13128
6388,80.265495
6389,116.236465
6390,63.58052
6391,62.40823
6392,84.92856
6393,80.99657
6394,88.25905
6395,60.79394
6396,62.893196
6397,273.22348
6398,272.27805
6399,276.21777
6400,124.99899
6401,193.95084
6402,82.225914
6403,175.78548
6404,83.70398
6405,270.93555
6406,171.04208
6407,285.9856
6408,127.12607
6409,68.03333
6410,61.791756
6411,232.26321
6412,140.37071
6413,164.51675
6414,146.93854
6415,93.96724
6416,67.930664
6417,146.24855
6418,47.318657
6419,287.61588
6420,92.23155
6421,317.8402
6422,462.16104
6423,434.9606
6424,421.46872
6425,167.36548
6426,168.6101
6427,472.19293
6428,436.5744
6429,275.80182
6430,91.6522
6431,78.85997
6432,121.89865
6433,108.29955
6434,145.30386
6435,78.56622
6436,77.04072
6437,77.79615
6438,141.89157
6439,119.64613
6440,103.751945
6441,168.78604
6442,101.923065
6443,168.39032
6444,141.5705
6445,116.28731
6446,145.6529
6447,123.0755
6448,106.49019
6449,169.56566
6450,103.860886
6451,168.45476
6452,145.26637
6453,118.927704
6454,119.26613
6455,127.38147
6456,189.1262
6457,111.79609
6458,212.9061
6459,167.1636
6460,80.39635
6461,182.25623
6462,119.38154
6463,132.31326
6464,197.94806
6465,116.411606
6466,215.77934
6467,167.19237
6468,80.39635
6469,182.13107
6470,102.169815
6471,103.72592
6472,55.331627
6473,57.43703
6474,124.18046
6475,120.61762
6476,180.92088
6477,62.90991
6478,102.448524
6479,59.474777
6480,102.50311
6481,104.34717
6482,57.109703
6483,57.43703
6484,124.67094
6485,122.93239
6486,181.17188
6487,62.90991
6488,102.46119
6489,60.162613
6490,110.819115
6491,148.86418
6492,63.769127
6493,59.42342
6494,215.81357
6495,108.86779
6496,73.42093
6497,125.79568
6498,127.712425
6499,110.576935
6500,147.39258
6501,64.205536
6502,59.44045
6503,220.15965
6504,112.29785
6505,73.43234
6506,126.32537
6507,131.88216
6508,275.96875
6509,84.31445
6510,303.58966
6511,429.90146
6512,392.3386
6513,409.31467
6514,155.18336
6515,157.93785
6516,447.42215
6517,359.37592
6518,239.53098
6519,86.2717
6520,271.99817
6521,86.47562
6522,303.5075
6523,442.03564
6524,416.7374
6525,416.98804
6526,156.26035
6527,157.18549
6528,450.907
6529,412.29147
6530,239.09291
6531,86.21354
6532,282.67715
6533,86.5689
6534,305.84293
6535,434.02698
6536,411.92886
6537,406.50955
6538,159.79247
6539,160.61586
6540,450.31537
6541,410.65128
6542,276.1348
6543,85.54661
6544,179.03923
6545,130.87297
6546,150.96075
6547,81.15667
6548,126.96164
6549,194.74947
6550,177.0132
6551,269.54465
6552,302.1665
6553,178.7454
6554,179.66241
6555,135.7326
6556,401.66055
6557,150.42998
6558,164.4696
6559,83.484474
6560,287.88943
6561,368.90182
6562,238.78123
6563,206.24977
6564,365.54318
6565,375.99426
6566,237.71637
6567,371.6771
6568,396.33313
6569,276.78738
6570,89.1339
6571,307.62936
6572,422.39618
6573,372.81558
6574,380.8503
6575,161.897
6576,162.85106
6577,446.07196
6578,354.7769
6579,253.75786
6580,88.35217
6581,105.601845
6582,140.97983
6583,131.74463
6584,137.9446
6585,174.67908
6586,134.53165
6587,253.59631
6588,85.84248
6589,68.04284
6590,146.69905
6591,216.29231
6592,71.67915
6593,152.87943
6594,173.76501
6595,125.80539
6596,143.22772
6597,79.74074
6598,124.90595
6599,189.45137
6600,173.51059
6601,261.47507
6602,274.05682
6603,174.75394
6604,173.95059
6605,133.29805
6606,397.9166
6607,148.26703
6608,156.48776
6609,79.81683
6610,287.64542
6611,398.60596
6612,226.13222
6613,198.8529
6614,365.18536
6615,406.48157
6616,231.5688
6617,379.19824
6618,392.91626
6619,147.4383
6620,130.05316
6621,107.19092
6622,172.35905
6623,104.41327
6624,170.05353
6625,146.55641
6626,119.68432
6627,236.7317
6628,151.31648
6629,177.37537
6630,156.09433
6631,335.31573
6632,357.69537
6633,221.97768
6634,364.53006
6635,154.19585
6636,346.47726
6637,221.2583
6638,155.47813
6639,79.52663
6640,238.00002
6641,148.87415
6642,177.52182
6643,157.1267
